url,label
https://meraki.cisco.com/pt-br/#,0
https://meraki.cisco.com/pt-br/#fw-content,0
https://meraki.cisco.com/pt-br/#fw-footer,0
https://meraki.cisco.com/pt-br/#genesis-content,0
https://meraki.cisco.com/pt-br/#genesis-nav-primary,0
https://meraki.cisco.com/pt-br/form/contact/,0
https://meraki.cisco.com/zh-cn/#,0
https://meraki.cisco.com/zh-cn/#fw-content,0
https://meraki.cisco.com/zh-cn/#fw-footer,0
https://meraki.cisco.com/zh-cn/#genesis-content,0
https://meraki.cisco.com/zh-cn/#genesis-nav-primary,0
https://meraki.cisco.com/zh-cn/form/contact/,0
https://merch.discogs.com/,0
https://merch.discogs.com/collections/products,0
https://merch.discogs.com/pages/about,0
https://merch.discogs.com/pages/contact,0
https://merch.discogs.com/products/discogs-retro-first-edition-logo-ringer-tee#MainContent,0
https://message.alibaba.com/?tracelog=2020NewHeader_homepage_Message,0
https://meta.m.wikimedia.org/w/index.php?title=Special:MobileOptions&returnto=Main+Page,0
https://meta.m.wikimedia.org/w/index.php?title=Special:MobileOptions&returnto=Wikimedia+movement,0
https://meta.m.wikimedia.org/w/index.php?title=Special:UserLogin&returnto=Main+Page,0
https://meta.m.wikimedia.org/w/index.php?title=Special:UserLogin&returnto=Wikimedia+movement,0
https://meta.m.wikimedia.org/wiki/Meta:About,0
https://meta.m.wikimedia.org/wiki/Special:MyLanguage/Main_Page,0
https://meta.m.wikimedia.org/wiki/Special:MyLanguage/Main_Page#,0
https://meta.m.wikimedia.org/wiki/Special:MyLanguage/Wikimedia_movement#,0
https://meta.m.wikimedia.org/wiki/Special:Nearby,0
https://meta.m.wikimedia.org/wiki/Special:Random,0
https://meta.stackoverflow.com/#,0
https://meta.stackoverflow.com/#content,0
https://meta.stackoverflow.com/help,0
https://meta.stackoverflow.com/help/whats-meta,0
https://meta.stackoverflow.com/tour,0
https://meteum.ai/weather/en/10629/details/3-day-weather?via=hnav&utm_source=yandex&lat=14.583267&lon=120.979669&utm_campaign=morda&utm_medium=com,0
https://meteum.ai/weather/en/10629/details/5-day-weather?via=hnav&utm_source=yandex&lat=14.583267&lon=120.979669&utm_campaign=morda&utm_medium=com,0
https://meteum.ai/weather/en/10629/details/today?via=hnav&utm_source=yandex&lat=14.583267&lon=120.979669&utm_campaign=morda&utm_medium=com,0
https://meteum.ai/weather/en/10629/details/tomorrow?via=hnav&utm_source=yandex&lat=14.583267&lon=120.979669&utm_campaign=morda&utm_medium=com,0
https://meteum.ai/weather/en/10629/details?via=hnav&utm_source=yandex&lat=14.583267&lon=120.979669&utm_campaign=morda&utm_medium=com,0
https://meteum.ai/weather/en/10629/maps?via=hnav&utm_source=yandex&lat=14.583267&lon=120.979669&utm_campaign=morda&utm_medium=com,0
https://meteum.ai/weather/en/10629/month?via=hnav&utm_source=yandex&lat=14.583267&lon=120.979669&utm_campaign=morda&utm_medium=com,0
https://meteum.ai/weather/en/10629?via=hnav&utm_source=yandex&lat=14.583267&lon=120.979669&utm_campaign=morda&utm_medium=com,0
https://meteum.ai/weather/en?via=hl&utm_source=yandex&utm_campaign=morda&utm_medium=com,0
https://meupainelhost.uol.com.br/?utm_medium=uol.com.br&utm_source=interna&utm_campaign=barra_uol&utm_content=link_fixo_host&utm_term=barra_topo,0
https://mgid.com/about#team,0
https://mgid.recruitee.com/#content,0
https://mgid.recruitee.com/company,0
https://micronews.debian.org/2025/1755354177.html,0
https://micronews.debian.org/2025/1755477130.html,0
https://micronews.debian.org/feeds/atom.xml,0
https://micronews.debian.org/feeds/feed.rss,0
https://micronews.debian.org/index2.html,0
https://micronews.debian.org/pages/contribute.html,0
https://mikrotik.com/aboutus#,0
https://mikrotik.com/buy#,0
https://mikrotik.com/client/#,0
https://mikrotik.com/download#,0
https://mikrotik.com/product/cme_gateway#,0
https://mikrotik.com/product/crs320_8p_8b_4s_rm#,0
https://mikrotik.com/product/crs520_4xs_16xq_rm#,0
https://mikrotik.com/product/netmetal_ax#,0
https://mikrotik.com/product/wap_ax#,0
https://mikrotik.com/products#,0
https://mikrotik.com/support#,0
https://mikrotik.com/training/#,0
https://milo.adobe.com/tools/ost?osi=JzW8dgW8U1SrgbHDmTE-ABsOKPgtl5jugiW8bA5PtKg&type=checkoutUrl&text=free-trial&workflowStep=segmentation&modal=crm&rf=uc_segmentation_hide_tabs_cr#_tcl,0
https://milo.adobe.com/tools/ost?osi=-lYm-YaTSZoUgv1gzqCgybgFotLqRsLwf8CgYdvdnsQ&type=checkoutUrl&text=buy-now&workflowStep=segmentation&modal=crm#_tcl,0
https://milo.adobe.com/tools/ost?osi=x0LkInr7lGkqK8dcTFS_Pc6oHauo_g7N_4yWT_gLn20&type=checkoutUrl&text=free-trial,0
https://mirrormirror.uk.com/designers/,0
https://mirrormirror.uk.com/designers/gemy-malouf-bridal/,0
https://mirrormirror.uk.com/designers/milla-nova/,0
https://mirrormirror.uk.com/designers/mirror-mirror-couture/,0
https://mirrormirror.uk.com/designers/nicole-milano-2/,0
https://mirrormirror.uk.com/designers/pronovias/,0
https://mirrormirror.uk.com/designers/pronovias-atelier/,0
https://mirrormirror.uk.com/designers/sassi-holford/,0
https://mitchells.uk.com/about/,0
https://mitchells.uk.com/get-a-valuation/,0
https://mitchells.uk.com/local-guides/christchurch/,0
https://mitchells.uk.com/our-team/,0
https://mitchells.uk.com/properties/,0
https://mitchells.uk.com/properties/?type=new-build,0
https://mitchells.uk.com/sell-with-us/,0
https://mitchells.uk.com/testimonials/,0
https://mixpanel.com/contact-us/sales/support,0
https://mixpanel.com/home,0
https://mixpanel.com/legal/contact-us/,0
https://mixpanel.com/legal/privacy-policy,0
https://mixpanel.com/legal/security-overview/,0
https://mixpanel.com/legal/terms-of-use,0
https://mixpanel.com/login,0
https://mixpanel.com/register,0
https://mixpanel.com/register?next=%2Fapi%2Fapp%2Fdemo_project%3Fshow-demo-dataset-modal%3Dtrue,0
https://mixpanel.com/reset-password,0
https://mixpanel.registration.goldcast.io/series/28d0028d-49a6-4052-b200-6223d3f2b23f,0
https://mobile.free.fr/bons-plans,0
https://mobile.free.fr/moncompte/,0
https://moe.video/news?categoryId=12,0
https://moe.video/publishers/banner-ads,0
https://moe.video/publishers/content-roll,0
https://moe.video/publishers/vast-vpaid,0
https://motif.uk.com/#,0
https://motif.uk.com/collections/azaadi-sale,0
https://motif.uk.com/collections/basics-1,0
https://motif.uk.com/collections/day-to-day,0
https://motif.uk.com/collections/jashan-e-riwayat,0
https://motif.uk.com/collections/new-arrival,0
https://motif.uk.com/collections/silsilay,0
https://motif.uk.com/collections/women,0
https://motif.uk.com/pages/wishlist,0
https://moviesanywhere.com/,0
https://moviesanywhere.com/home,0
https://moviesanywhere.com/login,0
https://moviesanywhere.com/movie/elio-2025,0
https://moviesanywhere.com/movie/freakier-friday-2025,0
https://moviesanywhere.com/movie/snow-white-2025,0
https://moviesanywhere.com/movie/zootopia-2-2025,0
https://moviesanywhere.com/my-movies,0
https://moviesanywhere.com/redeem,0
https://moviesanywhere.com/signup,0
https://mozilla.vc/,0
https://mozilla.vc/about/,0
https://mozilla.vc/blog/,0
https://mozilla.vc/contacts/,0
https://mozilla.vc/our-team/,0
https://mozilla.vc/portfolio/,0
https://mozilla.vc/portfolio?tag=13,0
https://mp.sohu.com/profile?xpt=c29odXptdHI2MXV3c25Ac29odS5jb20=&spm=smwp.channel_204.block1_161_43kZw9_1_focus.1.1756487306715j2YQfeJ_269,0
https://mshopact.vivo.com.cn/vivospace/wk210323cfef737e?h5JumpBackFlag=1,0
https://m-support.ezviz.com/choose-country-region,0
https://muenchen.t-online.de/id_12511434/impressum-von-t-online.html,0
https://muenchen.t-online.de/ueber-t-online/id_40803478/kontakt.html,0
https://music.163.com/prime/m/purchase,0
https://my.anydesk.com/login,0
https://my.anydesk.com/sysinfo,0
https://my.anydesk.com/v2,0
https://my.mail.ru/?from=whiteline&utm_source=portal&utm_medium=new_portal_navigation&utm_campaign=my.mail.ru&mt_link_id=v6h9q7&mt_sub1=mail.ru&mt_sub5=371,0
https://my.outbrain.com/amplify/funnel,0
https://my.outbrain.com/forgot-password,0
https://my.outbrain.com/login#,0
https://my.sina.cn/,0
https://my.sophos.com/en-us/forgot/,0
https://my.tv.sohu.com/user/video/upload.do,0
https://my.webrootanywhere.com/forgotpassword.aspx,0
https://myaccount.google.com/intro/data-and-personalization,0
https://myprofile.news.com.au/s/?nocache=https%3A%2F%2Fmyprofile.news.com.au%2Fs%2F,0
https://myspace.com/article/2013/6/27/my-radio-built-for-you-and-by-you,0
https://myspace.com/article/2025/7/15/jeff-tweedy-triples-up-on-new-lp-twilight-override#,0
https://myspace.com/article/2025/7/23/michael-fitz-fitzpatrick-of-fitz-and-the-tantrums-shares-his-10-essential-vacation-destinations#,0
https://myspace.com/article/2025/7/29/the-owl-and-the-jazzman#,0
https://myspace.com/article/2025/8/25/endless-summer-a-dispatch-from-bad-bunnys-san-juan-residency#,0
https://myspace.com/article/2025/8/27/bright-eyes-are-back-at-the-table-on-new-ep#,0
https://myspace.com/article/2025/8/5/hayley-williams-has-a-nashville-party-in-new-video#,0
https://myspace.com/discover/featured,0
https://myspace.com/discover/people#,0
https://myspace.com/discover/songs#,0
https://myspace.com/discover/videos#,0
https://myspace.com/forgotpassword,0
https://myspace.com/help,0
https://myspace.com/pages/privacy#,0
https://myspace.com/pages/privacy?page=ad-opt-out#,0
https://myspace.com/pages/privacy?page=do-not-sell#,0
https://myspace.com/pages/terms#,0
https://myspace.com/search,0
https://myspace.com/signup#,0
https://nadawca.poczta.onet.pl/informacje,0
https://nation.foxnews.com/geo-block#,0
https://ndtv.in/#pfrom=sports-header-globalnav,0
https://netsuper.rakuten.co.jp/?l-id=pf_header_logo,0
https://netsuper.rakuten.co.jp/beisia/?l-id=zsu_pf_top_superlist_beisia&lid=pf_top_shoplist,0
https://netsuper.rakuten.co.jp/comodi-iida/?l-id=zsu_pf_top_superlist_comodi-iida&lid=pf_top_shoplist,0
https://netsuper.rakuten.co.jp/inageya/?l-id=zsu_pf_top_superlist_inageya&lid=pf_top_shoplist,0
https://netsuper.rakuten.co.jp/ohsakaya/?l-id=zsu_pf_top_superlist_ohsakaya&lid=pf_top_shoplist,0
https://network.creativecommons.org/#,0
https://network.creativecommons.org/about/,0
https://network.creativecommons.org/cc-openculture-platform/,0
https://network.creativecommons.org/chapter/,0
https://network.creativecommons.org/community-office-hours/,0
https://network.creativecommons.org/docs-and-faqs/,0
https://network.creativecommons.org/governance/,0
https://network.mobile.rakuten.co.jp/?l-id=gnavi_logo,0
https://network.mobile.rakuten.co.jp/feature/why-rakuten-mobile/?l-id=gnavi_500-banner_why-rakuten-mobile,0
https://network.mobile.rakuten.co.jp/fee/family/?l-id=gnavi_fee_family,0
https://network.mobile.rakuten.co.jp/fee/kids/?l-id=gnavi_fee_kids,0
https://network.mobile.rakuten.co.jp/fee/saikyo-plan/?l-id=gnavi_fee_saikyo-plan,0
https://network.mobile.rakuten.co.jp/fee/saikyo-plan/data-type/?l-id=gnavi_fee_saikyo-plan_data-type,0
https://network.mobile.rakuten.co.jp/fee/senior/?l-id=gnavi_fee_senior,0
https://network.mobile.rakuten.co.jp/fee/simulation/?l-id=gnavi_fee_un-limit_simulation,0
https://network.mobile.rakuten.co.jp/fee/youth/?l-id=gnavi_fee_youth,0
https://new.innovid.com/#,0
https://new.innovid.com/#contactus,0
https://newrelic.com/,0
https://newrelic.com/about/contact-us,0
https://newrelic.com/blog/nerdlog/apm-360,0
https://newrelic.com/blog/nerdlog/gartner-magic-quadrant-observability-2025,0
https://newrelic.com/blog/nerdlog/new-relic-now-2025-innovations-business-uptime,0
https://newrelic.com/blog/nerdlog/new-relic-now-2025-innovations-digital-experience-monitoring,0
https://newrelic.com/codestream,0
https://newrelic.com/competitive-comparison/datadog,0
https://newrelic.com/contact-sales#main-content,0
https://newrelic.com/event/new-relic-now,0
https://newrelic.com/instant-observability,0
https://newrelic.com/instant-observability/dotnet#main-content,0
https://newrelic.com/instant-observability/java#main-content,0
https://newrelic.com/instant-observability/mysql#main-content,0
https://newrelic.com/instant-observability/node-js#main-content,0
https://newrelic.com/instant-observability/php#main-content,0
https://newrelic.com/lp/on-demand-demo#main-content,0
https://newrelic.com/platform#main-content,0
https://newrelic.com/platform/agentic-integrations,0
https://newrelic.com/platform/ai-monitoring,0
https://newrelic.com/platform/application-monitoring,0
https://newrelic.com/platform/browser-monitoring,0
https://newrelic.com/platform/cloud-cost-intelligence,0
https://newrelic.com/platform/eapm,0
https://newrelic.com/platform/infrastructure,0
https://newrelic.com/platform/mobile-monitoring,0
https://newrelic.com/platform/pathpoint,0
https://newrelic.com/platform/transaction-360#main-content,0
https://newrelic.com/platform/value-calculator,0
https://newrelic.com/press-release/20250225_2,0
https://newrelic.com/pricing#main-content,0
https://newrelic.com/pricing#pricing_plan-data,0
https://newrelic.com/pricing/compute,0
https://newrelic.com/pricing/free-tier,0
https://newrelic.com/request-demo,0
https://newrelic.com/request-pricing,0
https://newrelic.com/request-pricing-enterprise,0
https://newrelic.com/request-pricing-pro,0
https://newrelic.com/request-pricing-standard,0
https://newrelic.com/resources/gartner-magic-quadrant-observability#main-content,0
https://newrelic.com/signup#main-content,0
https://newrelic.com/solutions/sap,0
https://newrelic.com/termsandconditions/privacy,0
https://newrelic.com/termsandconditions/terms,0
https://news.berkeley.edu/#site-main,0
https://news.berkeley.edu/about/news-media-relations/,0
https://news.berkeley.edu/all-news/,0
https://news.berkeley.edu/category/research/,0
https://news.berkeley.edu/category/research/business-economics/,0
https://news.berkeley.edu/category/research/humanities/,0
https://news.berkeley.edu/category/research/mind-body/,0
https://news.berkeley.edu/category/research/technology-engineering/,0
https://news.cornell.edu/categories/energy-environment-sustainability#main,0
https://news.mail.ru/?utm_source=portal&utm_medium=portal_navigation_exp&utm_campaign=news.mail.ru&mt_link_id=sccve9&mt_sub1=help.mail.ru,0
https://news.mail.ru/?utm_source=portal&utm_medium=portal_navigation_exp&utm_campaign=news.mail.ru&mt_link_id=sccve9&mt_sub1=mail.ru&mt_sub5=371,0
https://news.mail.ru/card/,0
https://news.mail.ru/chronicle/440-daily-crossword/,0
https://news.mail.ru/incident/,0
https://news.mail.ru/politics/,0
https://news.mail.ru/society/,0
https://news.mail.ru/society/43041184/%3C!--#%20echo%20var='news_state_url'%20default=''%20encoding='none'%20--%3E,0
https://news.mail.ru/svo/,0
https://news.rambler.ru/army/,0
https://news.rambler.ru/community/,0
https://news.rambler.ru/incidents/,0
https://news.rambler.ru/moscow_city/,0
https://news.rambler.ru/politics/,0
https://news.rambler.ru/starlife/,0
https://news.rambler.ru/tech/,0
https://news.rambler.ru/world/,0
https://news.sina.cn/?vt=4&pos=108,0
https://news.sohu.com/?pcm=202.260_0_0.0.0&scm=10001.260_14-201000.0.0.0&spm=smpc.channel_258.block1_78_KJZNhZ_1_nav.2.1756487402786JpkgpKn_1090,0
https://news.stanford.edu/#main-content,0
https://news.stanford.edu/in-the-news,0
https://news.stanford.edu/on-campus,0
https://news.stanford.edu/profile,0
https://news.stanford.edu/research-and-scholarship,0
https://news.stanford.edu/student-experience,0
https://news.stanford.edu/university-news,0
https://news.stanford.edu/university-updates,0
https://news.stanford.edu/video,0
https://newsinhealth.nih.gov/#main-content,0
https://newsinhealth.nih.gov/2025/08/discovering-vexas,0
https://newsinhealth.nih.gov/2025/08/keep-your-lungs-healthy,0
https://newsinhealth.nih.gov/past-issues/all,0
https://newsinhealth.nih.gov/sites/newsinhealth/files/2025-08/NIHNiHAug2025.pdf,0
https://newsinhealth.nih.gov/special-collections,0
https://newsinhealth.nih.gov/subscribe,0
https://newsroom.cisco.com/,0
https://newsroom.cisco.com/c/r/newsroom/en/us/a/y2025/m06/cisco-powers-secure-infrastructure-for-the-ai-era.html#fw-content-newsroom,0
https://newsroom.cisco.com/c/r/newsroom/en/us/a/y2025/m06/cisco-powers-secure-infrastructure-for-the-ai-era.html#fw-footer-newsroom,0
https://newsroom.cisco.com/c/r/newsroom/en/us/a/y2025/m06/cisco-transforms-security-for-the-agentic-ai-era-further-fusing-security-into-the-network.html#fw-content-newsroom,0
https://newsroom.cisco.com/c/r/newsroom/en/us/a/y2025/m06/cisco-transforms-security-for-the-agentic-ai-era-further-fusing-security-into-the-network.html#fw-footer-newsroom,0
https://newsroom.cisco.com/c/r/newsroom/en/us/a/y2025/m06/cisco-unveils-secure-network-architecture-to-accelerate-workplace-ai-transformation.html#fw-content-newsroom,0
https://newsroom.cisco.com/c/r/newsroom/en/us/a/y2025/m06/cisco-unveils-secure-network-architecture-to-accelerate-workplace-ai-transformation.html#fw-footer-newsroom,0
https://newsroom.cisco.com/c/r/newsroom/en/us/filter-results.html?pt=newsroom:topic/innovation_impact,0
https://newsroom.cisco.com/c/r/newsroom/en/us/filter-results.html?pt=newsroom:topic/innovation_impact/collaboration,0
https://newsroom.cisco.com/c/r/newsroom/en/us/filter-results.html?pt=newsroom:topic/innovation_impact/misc_tags/artificial_intelligence,0
https://newsroom.cisco.com/c/r/newsroom/en/us/filter-results.html?pt=newsroom:topic/innovation_impact/networking,0
https://newsroom.cisco.com/c/r/newsroom/en/us/filter-results.html?pt=newsroom:topic/innovation_impact/security,0
https://newsroom.cisco.com/c/r/newsroom/en/us/filter-results.html?pt=newsroom:topic/innovation_impact/security/observability,0
https://newsroom.loc.gov/#maincontent,0
https://newsroom.loc.gov/Contactlisting,0
https://newsroom.loc.gov/cookiepreference,0
https://newsroom.loc.gov/leadership?content%20type=leadership,0
https://newsroom.loc.gov/media,0
https://newsroom.loc.gov/newslisting?category=fact-sheets,0
https://newsroom.loc.gov/newslisting?category=news,0
https://newsroom.loc.gov/newslisting?category=press-kits,0
https://next.nexusmods.com/premium#mainContent,0
https://nginx.org/ru/community.html,0
https://nginx.org/ru/docs/,0
https://nginx.org/ru/docs/faq.html,0
https://nginx.org/ru/docs/njs/index.html,0
https://nginx.org/ru/download.html,0
https://nginx.org/ru/enterprise.html,0
https://nic.it.com/apply,0
https://nic.it.com/report-abuse,0
https://nic.it.com/team,0
https://nic.it.com/whois,0
https://niechzyjeplaneta.onet.pl/,0
https://nigms.nih.gov/Pages/ContactUs.aspx,0
https://nl.eporner.com/#,0
https://nl.eporner.com/cams4/,0
https://nl.eporner.com/login/,0
https://nl.eporner.com/login/#create,0
https://nl.eporner.com/upload/,0
https://nl.m.wikipedia.org/w/index.php?title=Speciaal:Aanmelden&returnto=Hoofdpagina,0
https://nl.m.wikipedia.org/w/index.php?title=Speciaal:MobieleVoorkeuren&returnto=Hoofdpagina,0
https://nl.m.wikipedia.org/wiki/Hoofdpagina,0
https://nl.m.wikipedia.org/wiki/Hoofdpagina#,0
https://nl.m.wikipedia.org/wiki/Speciaal:InDeBuurt,0
https://nl.m.wikipedia.org/wiki/Speciaal:Willekeurig,0
https://nl.m.wikipedia.org/wiki/Wikipedia,0
https://nl.m.wikipedia.org/wiki/Wikipedia:Algemeen_voorbehoud,0
https://node.testcontainers.org/,0
https://nodejs.org/,0
https://nodejs.org/api/addons.html,0
https://nodejs.org/api/assert.html,0
https://nodejs.org/api/async_context.html,0
https://nodejs.org/api/async_hooks.html,0
https://nodejs.org/api/buffer.html,0
https://nodejs.org/api/documentation.html,0
https://nodejs.org/api/n-api.html,0
https://nodejs.org/api/packages.html#apicontent,0
https://nodejs.org/api/synopsis.html,0
https://nostra.gg/articles,0
https://nostra.gg/contact-us,0
https://nostra.gg/newsroom,0
https://nostra.gg/reports,0
https://nostra-games.onelink.me/9qR2?af_xp=social&pid=nostra-website&c=nostra-website&deep_link_value=29%20August%202025,0
https://nota.media/application/,0
https://nota.media/career/,0
https://nota.media/company/,0
https://nota.media/contacts/,0
https://nota.media/portfolio/,0
https://nota.media/services/,0
https://oferta.poczta.onet.pl/,0
https://offers.hubspot.com/contact-sales?hubs_signup-url=www.hubspot.com/&hubs_signup-cta=nav-utility-contactsales&hubs_content=www.hubspot.com/&hubs_content-cta=nav-utility-contactsales#book-a-meeting-with-sales,0
https://offers.hubspot.com/contact-sales?hubs_signup-url=www.hubspot.com/&hubs_signup-cta=nav-utility-contactsales&hubs_content=www.hubspot.com/&hubs_content-cta=nav-utility-contactsales#chat-with-sales,0
https://oglobo.globo.com/?utm_source=globo.com&utm_medium=menuburguer#,0
https://oglobo.globo.com/100-anos/,0
https://oglobo.globo.com/blogs/pulso/,0
https://oglobo.globo.com/blogs/sonar-a-escuta-das-redes/,0
https://oglobo.globo.com/brasil/,0
https://oglobo.globo.com/politica/,0
https://oglobo.globo.com/politica/eleicoes-2024/,0
https://oglobo.globo.com/ultimas-noticias/,0
https://ok.ru/?mt_link_id=koydy6&mt_sub1=help.mail.ru,0
https://ok.ru/?mt_link_id=koydy6&mt_sub1=mail.ru&mt_sub5=371,0
https://oktech.ru/about,0
https://oktech.ru/contacts,0
https://oktech.ru/techradar,0
https://on.soundcloud.com/?link=https%3A//soundcloud.com/%3Futm_source%3Ddirect%26utm_content%3Ddownload_button_header%26utm_medium%3Dmobi%26utm_campaign%3Dno_campaign&utm_source=direct&utm_content=download_button_header&utm_medium=mobi&utm_campaign=no_campaign,0
https://on.soundcloud.com/?link=https%3A//soundcloud.com/%3Futm_source%3Ddirect%26utm_content%3Dstore_button_navbar_app_page%26utm_medium%3Dmobi%26utm_campaign%3Dno_campaign&utm_source=direct&utm_content=store_button_navbar_app_page&utm_medium=mobi&utm_campaign=no_campaign,0
https://on.soundcloud.com/?link=https%3A//soundcloud.com/charts/top%3Futm_source%3Ddirect%26utm_content%3Ddownload_button_header%26utm_medium%3Dmobi%26utm_campaign%3Dno_campaign&utm_source=direct&utm_content=download_button_header&utm_medium=mobi&utm_campaign=no_campaign,0
https://on.soundcloud.com/?link=https%3A//soundcloud.com/charts/top%3Futm_source%3Ddirect%26utm_content%3Dstore_button_footer%26utm_medium%3Dmobi%26utm_campaign%3Dno_campaign&utm_source=direct&utm_content=store_button_footer&utm_medium=mobi&utm_campaign=no_campaign,0
https://on.soundcloud.com/?link=https%3A//soundcloud.com/discover/sets/charts-top%3Aall-music%3Aph%3Futm_source%3Ddirect%26utm_content%3Ddownload_button_header%26utm_medium%3Dmobi%26utm_campaign%3Dno_campaign&utm_source=direct&utm_content=download_button_header&utm_medium=mobi&utm_campaign=no_campaign,0
https://on.soundcloud.com/?link=https%3A//soundcloud.com/discover/sets/charts-top%3Aall-music%3Aph%3Futm_source%3Ddirect%26utm_content%3Dstore_button_footer%26utm_medium%3Dmobi%26utm_campaign%3Dno_campaign&utm_source=direct&utm_content=store_button_footer&utm_medium=mobi&utm_campaign=no_campaign,0
https://on.soundcloud.com/?link=https%3A//soundcloud.com/feed%3Futm_source%3Ddirect%26utm_content%3Ddownload_button_header%26utm_medium%3Dmobi%26utm_campaign%3Dno_campaign&utm_source=direct&utm_content=download_button_header&utm_medium=mobi&utm_campaign=no_campaign,0
https://on.soundcloud.com/?link=https%3A//soundcloud.com/you/library%3Futm_source%3Ddirect%26utm_content%3Dstore_button_footer%26utm_medium%3Dmobi%26utm_campaign%3Dno_campaign&utm_source=direct&utm_content=store_button_footer&utm_medium=mobi&utm_campaign=no_campaign,0
https://one.newrelic.com/,0
https://one.newrelic.com/admin-portal/promotion-management/home,0
https://one.newrelic.com/launcher/quickstart-install-nerdlet/?pane=eyJuZXJkbGV0SWQiOiAiaW5zdGFsbC1uZXdyZWxpYy5xdWlja3N0YXJ0LWluc3RhbGxhdGlvbi1wbGFuIiwgImlzT25ib2FyZGluZyI6ICJ0cnVlIiwgInF1aWNrc3RhcnRJZCI6IjAxZmRlYTM2LTVhMTUtNDRiNC1hODY0LWM0Yzk5ODY2NzM1YiJ9,0
https://one.newrelic.com/launcher/quickstart-install-nerdlet/?pane=eyJuZXJkbGV0SWQiOiAiaW5zdGFsbC1uZXdyZWxpYy5xdWlja3N0YXJ0LWluc3RhbGxhdGlvbi1wbGFuIiwgImlzT25ib2FyZGluZyI6ICJ0cnVlIiwgInF1aWNrc3RhcnRJZCI6IjJkZmYxM2I2LTBmYWMtNDNhNi1hYmM2LTU3ZjBhMzI5OTYzOSJ9,0
https://one.newrelic.com/launcher/quickstart-install-nerdlet/?pane=eyJuZXJkbGV0SWQiOiAiaW5zdGFsbC1uZXdyZWxpYy5xdWlja3N0YXJ0LWluc3RhbGxhdGlvbi1wbGFuIiwgImlzT25ib2FyZGluZyI6ICJ0cnVlIiwgInF1aWNrc3RhcnRJZCI6IjQ3NWRlYzY5LTEwYzktNGJjNi04MzEyLTNjYWEyNjZmYjAyOCJ9,0
https://one.newrelic.com/launcher/quickstart-install-nerdlet/?pane=eyJuZXJkbGV0SWQiOiAiaW5zdGFsbC1uZXdyZWxpYy5xdWlja3N0YXJ0LWluc3RhbGxhdGlvbi1wbGFuIiwgImlzT25ib2FyZGluZyI6ICJ0cnVlIiwgInF1aWNrc3RhcnRJZCI6ImFkOWY2MzViLTY0OTYtNDhhOC1iMzczLTlmYWI4MWE3ZjcxOSJ9,0
https://one.one.one.one/ar-EG/,0
https://one.one.one.one/ar-EG/family/,0
https://one.one.one.one/de-DE/,0
https://one.one.one.one/de-DE/family/,0
https://one.one.one.one/es-ES/,0
https://one.one.one.one/es-ES/family/,0
https://one.one.one.one/fa-IR/,0
https://one.one.one.one/fa-IR/family/,0
https://one.one.one.one/fr-FR/,0
https://one.one.one.one/fr-FR/family/,0
https://one.one.one.one/he-IL/,0
https://one.one.one.one/he-IL/family/,0
https://one.one.one.one/id-ID/,0
https://one.one.one.one/id-ID/family/,0
https://one.one.one.one/it-IT/,0
https://one.one.one.one/it-IT/family/,0
https://one.one.one.one/ja-JP/,0
https://one.one.one.one/ja-JP/family/,0
https://one.one.one.one/ko-KR/,0
https://one.one.one.one/ko-KR/family/,0
https://one.one.one.one/nl-NL/,0
https://one.one.one.one/nl-NL/family/,0
https://one.one.one.one/pl-PL/,0
https://one.one.one.one/pl-PL/family/,0
https://one.one.one.one/pt-BR/,0
https://one.one.one.one/pt-BR/family/,0
https://one.one.one.one/ru-RU/,0
https://one.one.one.one/ru-RU/family/,0
https://one.one.one.one/tr-TR/,0
https://one.one.one.one/tr-TR/family/,0
https://one.one.one.one/uk-UA/,0
https://one.one.one.one/uk-UA/family/,0
https://onesignal.com/analytics#,0
https://onesignal.com/analytics#main,0
https://onesignal.com/email#,0
https://onesignal.com/email#main,0
https://onesignal.com/features#,0
https://onesignal.com/features#main,0
https://onesignal.com/gaming#,0
https://onesignal.com/gaming#main,0
https://onesignal.com/in-app#,0
https://onesignal.com/in-app#main,0
https://onesignal.com/integrations#,0
https://onesignal.com/integrations#main,0
https://onesignal.com/journeys#,0
https://onesignal.com/journeys#main,0
https://onesignal.com/live-activities#,0
https://onesignal.com/live-activities#main,0
https://onesignal.com/media#,0
https://onesignal.com/media#main,0
https://onesignal.com/message-api#,0
https://onesignal.com/message-api#main,0
https://onesignal.com/mobile-push#,0
https://onesignal.com/mobile-push#main,0
https://onesignal.com/personalization#,0
https://onesignal.com/personalization#main,0
https://onesignal.com/rcs#,0
https://onesignal.com/rcs#main,0
https://onesignal.com/sdk#,0
https://onesignal.com/sdk#main,0
https://onesignal.com/sms#,0
https://onesignal.com/sms#main,0
https://onesignal.com/targeting-segmentation#,0
https://onesignal.com/targeting-segmentation#main,0
https://onesignal.com/web-push#,0
https://onesignal.com/web-push#main,0
https://open.spotify.com/artist/00x1fYSGhdqScXBRpSj3DW,0
https://open.spotify.com/artist/06HL4z0CvFAxyc27GXpf02,0
https://open.spotify.com/artist/0IF46mUS8NXjgHabxk2MCM,0
https://open.spotify.com/artist/1nTi2mRDBEEZwFxYcsYAR8,0
https://open.spotify.com/artist/30DIeQNV9s1HEXyuCpGF4l,0
https://open.spotify.com/artist/3aQeKQSyrW4qWr35idm0cy,0
https://open.spotify.com/artist/552jNI1kUtB1FPRZFliQxc,0
https://open.spotify.com/artist/5ndkK3dpZLKtBklKjxNQwT,0
https://open.spotify.com/artist/5ZsFI1h6hIdQRw2ti0hz81,0
https://open.spotify.com/artist/6AvnL2gWjNYs1hRVJx4huK,0
https://open.spotify.com/artist/7uDdl5V5AETSFY7K3muu22,0
https://open.spotify.com/track/05od2qm2MTSKCHxy1GBp5W,0
https://open.spotify.com/track/06cUybZMETs4i3yQO1f7p3,0
https://open.spotify.com/track/08xol2m7RpLVOUDMriIdjb,0
https://open.spotify.com/track/0AS63m1wHv9n4VVRizK6Hc,0
https://open.spotify.com/track/0BxfFnk0YzONqvmrkO0QrB,0
https://open.spotify.com/track/0Dc7J9VPV4eOInoxUiZrsL,0
https://open.spotify.com/track/0eqH0ALoDQevq59YcQ53KE,0
https://open.spotify.com/track/0O45fw2L5vsWpdsOdXwNAR,0
https://open.spotify.com/track/0wI7QkCcs8FUQE1OkXUIqd,0
https://open.spotify.com/track/1LmK2lAeYNJeEmb2oTo0gA,0
https://open.spotify.com/track/26wpcLqBHEfOL00i1rdbun,0
https://open.spotify.com/track/29eiVZ3R6iJcXB01dOAl6H,0
https://open.spotify.com/track/29iva9idM6rFCPUlu7Rhxl,0
https://open.spotify.com/track/2ADSh3Mp744n2586tpUtIW,0
https://open.spotify.com/track/2IlazGVPA8k8BctSlwM5QI,0
https://open.spotify.com/track/2MZeoO5my5Z2opiQHm150R,0
https://open.spotify.com/track/2NxnWXho1vkCkuBijDyYNK,0
https://open.spotify.com/track/2oxtQ84p1j5GmyzmD50Lq0,0
https://open.spotify.com/track/36vmaZyO0iAE6FZ7287fg2,0
https://open.spotify.com/track/39z2CyYexbcwgD0pEeUUeu,0
https://open.spotify.com/track/3e7sxremeOE3wTySiOhGiP,0
https://open.spotify.com/track/3EL4YcUAmGkfTKXhS49Y3w,0
https://open.spotify.com/track/3ewpO9v2TuBNHwPydEGjgI,0
https://open.spotify.com/track/3lum7D85ULub136x9nkntJ,0
https://open.spotify.com/track/3rfhI32Il2hVRKDkuGeeen,0
https://open.spotify.com/track/3rIsR2jKs5Tntk0621jFW8,0
https://open.spotify.com/track/3yigOLxF741cmd0VYUxN5t,0
https://open.spotify.com/track/49wEdWGkL2CcOrXEKklXtJ,0
https://open.spotify.com/track/4eWQlBRaTjPPUlzacqEeoQ,0
https://open.spotify.com/track/4hQ6UGyWQIGJmHSo0J88JW,0
https://open.spotify.com/track/4OYH3uIVXrPDdDwGmYhene,0
https://open.spotify.com/track/4q6dqyGM25sKFU8nYAGRe4,0
https://open.spotify.com/track/4RmKeqmqtYIl0tbeTnLyXi,0
https://open.spotify.com/track/521fDEPuyS2szREJ9NkMDs,0
https://open.spotify.com/track/5BrTUo0xP1wKXLJWUaGFtk,0
https://open.spotify.com/track/5BZsQlgw21vDOAjoqkNgKb,0
https://open.spotify.com/track/5C1UtHAe1gyOIcyh8yOEYU,0
https://open.spotify.com/track/5da5VCHTC3516y0y8p40Ee,0
https://open.spotify.com/track/5dO666voi2S72ZupppSOi4,0
https://open.spotify.com/track/5eqiMMbaeUZ32Q7sS00H35,0
https://open.spotify.com/track/5FrNgbbFFy7b7Co2NCYmyh,0
https://open.spotify.com/track/5jnxxpX2834SB6LJ0S73Uz,0
https://open.spotify.com/track/5PWqUqDriuVrfQzSNsflXR,0
https://open.spotify.com/track/61DuXKQqvXkxcrAIiNLIgR,0
https://open.spotify.com/track/6ERaJuSVPZmYvesOOQyRJO,0
https://open.spotify.com/track/6pnbTTgUfznDXxodsL5vnC,0
https://chromewebstore.google.com/category/extensions,0
https://cloud.google.com/blog/products/identity-security/automate-public-certificate-lifecycle-management-via--acme-client-api,0
https://cloud.linode.com/,0
https://cloud.mail.ru/?utm_source=portal_navigation_under_search_exp&utm_medium=link&utm_campaign=portal_navi&mt_link_id=f0dxi9&mt_sub1=help.mail.ru,0
https://cloud.mail.ru/?utm_source=portal_navigation_under_search_exp&utm_medium=link&utm_campaign=portal_navi&mt_link_id=f0dxi9&mt_sub1=mail.ru&mt_sub5=371,0
https://cloud.newsletters.time.com/newsletters/?source=apac-promo-main,0
https://cloud.unity.com/home/products?category=grow,0
https://cm.usatoday.com/about-your-subscription/,0
https://cm.usatoday.com/account-activation,0
https://cnpassport.youku.com/mini_login.htm?lang=zh_cn&appName=youku&appEntrance=youku&pid=20160317PLF000211&isMobile=true&returnUrl=https%3A%2F%2Fmovie.youku.com%2F,0
https://cnpassport.youku.com/mini_login.htm?lang=zh_cn&appName=youku&appEntrance=youku&pid=20160317PLF000211&isMobile=true&returnUrl=https%3A%2F%2Fmusic.youku.com%2F,0
https://cnpassport.youku.com/mini_login.htm?lang=zh_cn&appName=youku&appEntrance=youku&pid=20160317PLF000211&isMobile=true&returnUrl=https%3A%2F%2Fsports.youku.com%2F,0
https://cnpassport.youku.com/mini_login.htm?lang=zh_cn&appName=youku&appEntrance=youku&pid=20160317PLF000211&isMobile=true&returnUrl=https%3A%2F%2Ftech.youku.com%2F,0
https://cnpassport.youku.com/mini_login.htm?lang=zh_cn&appName=youku&appEntrance=youku&pid=20160317PLF000211&isMobile=true&returnUrl=https%3A%2F%2Ftv.youku.com%2F,0
https://community.ebay.co.uk/,0
https://community.ebay.co.uk/t5/Announcements/bg-p/Announcements,0
https://community.ebay.com/,0
https://community.ebay.com/t5/Announcements/bg-p/Announcements,0
https://community.openai.com/categories,0
https://community.soundcloud.com/playbook-articles/now-available-dms-from-anywhere,0
https://community.soundcloud.com/playbook-articles/the-dirty-secret-of-the-music-industry,0
https://community.stanford.edu/,0
https://company.mi.com/en-us/ir/indexContent/index.html,0
https://connect.ebay.co.uk/srv/survey/a/reg.personalized,0
https://connect.ebay.com/srv/survey/a/reg.personalized,0
https://consenthub.utiq.com/,0
https://consenthub.utiq.com/pages/privacy-statement,0
https://contacts.mail.ru/?utm_source=portal&utm_medium=portal_navigation&utm_campaign=contacts.mail.ru&mt_link_id=zy82p4&mt_sub1=help.mail.ru,0
"https://content.time.com/time/specials/2007/personoftheyear/0,28757,1690753,00.html",0
https://cookbook.openai.com/,0
https://councils.forbes.com/profile/Andrey-Insarov-Founder-CEO-it-com-Domains/41e0b470-bda2-461c-a397-5629462b5dab,0
https://create.unity.com/contact-unity-expert?sfcid=701f4000000nQwYAAU&sflsa=Unity%20Enterprise%20Contact%20Us%20Form,0
https://creativecommons.org/about/contact/,0
https://crisis.yahoo.co.jp/evacuation/,0
https://crisis.yahoo.co.jp/map/,0
https://crt.sh/cert-populations,0
https://datatracker.ietf.org/doc/draft-ietf-acme-ari/,0
https://datatracker.ietf.org/doc/html/rfc8555,0
https://ddnf.adj.st/mplay/hub?origin=navigation_menu_web&adj_t=17ka3spp&redirect_landing=true,0
https://demo.xray.openresty.com/targets/,0
https://design.tutsplus.com/,0
https://detail.webrootanywhere.com/p4inbound.asp?CMD=P40COMMUNITY,0
https://detail.webrootanywhere.com/p4inbound.asp?CMD=P40EULA,0
https://detail.webrootanywhere.com/p4inbound.asp?CMD=UBERPRIVACY,0
https://detail.webrootanywhere.com/p4inbound.asp?CMD=UBERTERMS,0
https://developer.twitter.com/,0
https://developers.google.com/analytics/devguides/collection/analyticsjs/,0
https://discord.gg/6Z7UaRbUQM,0
https://discord.gg/unity,0
https://discussions.unity.com/,0
https://doc.openresty.com/en/,0
https://docs.mixpanel.com/,0
https://docs.newrelic.com/docs/agents/java-agent/getting-started/compatibility-requirements-java-agent,0
https://docs.newrelic.com/docs/agents/java-agent/getting-started/introduction-new-relic-java/,0
https://docs.newrelic.com/docs/agents/net-agent/getting-started/compatibility-requirements-net-framework-agent,0
https://docs.newrelic.com/docs/agents/net-agent/getting-started/introduction-new-relic-net/,0
https://docs.newrelic.com/docs/agents/nodejs-agent/getting-started/introduction-new-relic-nodejs/,0
https://docs.newrelic.com/docs/agents/nodejs-agent/installation-configuration/install-nodejs-agent,0
https://docs.newrelic.com/docs/agents/php-agent/getting-started/introduction-new-relic-php/,0
https://docs.newrelic.com/docs/agents/php-agent/getting-started/php-agent-compatibility-requirements/,0
https://docs.newrelic.com/docs/apm/apm-ui-pages/errors-inbox/errors-inbox/,0
https://docs.newrelic.com/docs/apm/transactions/transaction-traces/introduction-transaction-traces/,0
https://docs.newrelic.com/docs/integrations/host-integrations/host-integrations-list/mysql-monitoring-integration/,0
https://docs.newrelic.com/docs/understand-dependencies/understand-system-dependencies/service-maps/introduction-service-maps/,0
https://docs.openverse.org/terms_of_service.html,0
https://docs.pypi.org/,0
https://docs.sourceforge.net/,0
https://docs.unity.com/,0
https://docs.unity.com/grow/en-us,0
https://docs.unity3d.com/Manual/index.html,0
https://doctor.ndtv.com/#pfrom=sports-header-globalnav,0
https://donate.wikimedia.org/?wmf_source=donate&wmf_medium=sidebar&wmf_campaign=meta.wikimedia.org&uselang=en&wmf_key=minerva,0
https://donate.wikimedia.org/?wmf_source=donate&wmf_medium=sidebar&wmf_campaign=nl.wikipedia.org&uselang=nl&wmf_key=minerva,0
https://donate.wikimedia.org/?wmf_source=donate&wmf_medium=sidebar&wmf_campaign=pt.wikipedia.org&uselang=pt&wmf_key=minerva,0
https://donate.wikimedia.org/?wmf_source=donate&wmf_medium=sidebar&wmf_campaign=ru.wikipedia.org&uselang=ru&wmf_key=minerva,0
https://dotnet.testcontainers.org/,0
https://drive.google.com/file/d/1M71yS4BwWMovdiVz9cYSaDlM0gRbSR9n/view,0
https://e.mail.ru/?utm_source=portal&utm_medium=portal_navigation_under_search_exp&utm_campaign=e.mail.ru&mt_link_id=jlsxn4&mt_sub1=help.mail.ru&mt_sub3=120744764&mt_sub4=413305,0
https://e.mail.ru/?utm_source=portal&utm_medium=portal_navigation_under_search_exp&utm_campaign=e.mail.ru&mt_link_id=jlsxn4&mt_sub1=mail.ru&mt_sub3=156197672&mt_sub4=413305&mt_sub5=371,0
https://ebookjapan.yahoo.co.jp/campaign/comic-weekend/?utm_source=yahoo&utm_medium=otoku&utm_campaign=weekend&utm_content=ichioshi&sc_e=ytkb_m2cwithlp_ichioshipc.ytclife_m2cwithlp_tkbkkujisp,0
https://elements.envato.com/?utm_source=tutsplus.com&utm_medium=promos&utm_campaign=elements_tuts-header_promo,0
https://en.miui.com/,0
https://en-au.wordpress.org/,0
https://ent.sina.cn/?vt=4&pos=108,0
https://exambuilder.ocr.org.uk/,0
https://extensions.joomla.org/extension/addtoany-share-buttons/,0
https://family.rambler.ru/,0
https://faq.rakuten-sec.co.jp/,0
https://fashion.sohu.com/?pcm=202.260_6_0.0.0&scm=10001.260_14-201000.0.0.0&spm=smpc.channel_258.block1_78_KJZNhZ_1_nav.8.1756487402786JpkgpKn_1090,0
https://favoritelist.travel.rakuten.co.jp/hotel/domestic?l-id=trv_header_func_favorite,0
https://feedback.academia.edu/,0
https://feedback.discord.com/,0
https://feeds.acast.com/public/shows/ninetwentynine,0
https://film.sohu.com/vip.html,0
https://finance.rambler.ru/,0
https://finance.sina.cn/?vt=4&pos=108,0
https://finance.yahoo.com/,0
https://fiverr.com/cp/pro-freelancers?source=top_nav,0
https://flashtalking.com/creative-showcase-dyson,0
https://food.ndtv.com/#pfrom=sports-header-globalnav,0
https://forum.openresty.us/,0
https://foundation.wikimedia.org/wiki/Special:MyLanguage/Policy:General_disclaimer,0
https://g1.globo.com/?utm_source=barraGCOM,0
https://games.usatoday.com/games/categories,0
https://games.usatoday.com/games/seven-little-words,0
https://games.usatoday.com/games/stans-daily-crossword,0
https://games.usatoday.com/games/sunday-crossword,0
https://games.usatoday.com/games/todays-hurdle,0
https://games.usatoday.com/games/two-minute-mini-crossword,0
https://games.usatoday.com/games/uclick-crossword,0
https://games.usatoday.com/games/word-clash,0
https://games.usatoday.com/games/word-wipe,0
https://gdpr.cision.com/,0
https://ge.globo.com/?utm_source=barraGCOM,0
https://gewerbevielfalt.de/,0
https://github.com/jquery/sizzle/wiki,0
https://github.com/jquery/sizzle/wiki#start-of-content,0
https://github.com/linode/linode-cli,0
https://github.com/login?return_to=https%3A%2F%2Fgithub.com%2Fjquery%2Fsizzle%2Fwiki,0
https://github.com/odnoklassniki,0
https://github.com/openresty/,0
https://glance.com/,0
https://globoplay.globo.com/?utm_source=barraGCOM,0
https://go.microsoft.com/fwlink/?LinkID=703825,0
https://go.microsoft.com/fwlink/?linkid=851731,0
https://go.oracle.com/unsubscribe?l_code=en-us&vn=MPRF,0
https://go.stripe.global/subscribe,0
https://goblinzstudio.com/game/day-of-the-shell/,0
https://golang.testcontainers.org/,0
https://goto.arcgis.com/security-privacy-adviser,0
https://grants.nih.gov/news-events/nih-extramural-nexus-news#collapseUsaBanner,0
https://grants.nih.gov/news-events/nih-extramural-nexus-news#main-content,0
https://graphicriver.net/?auto_signin=true,0
https://gruppenkonto.spiegel.de/authenticate?requestAccessToken=true&targetUrl=https%3A%2F%2Fwww.spiegel.de%2Ffuermich%2F,0
https://gshow.globo.com/?utm_source=barraGCOM,0
https://habr.com/ru/companies/odnoklassniki/articles/,0
https://hackerone.com/brave,0
https://help.dyn.com/legal/?elqTrackId=a3ab9e4f2ed340f7aa62aa294d9b1ea9&elqaid=30&elqat=2&elqak=8AF5E9B844A4CB637CA5E53B28CB96B12A501C0C44F96E919B992998457D26FB527B,0
https://help.launchpad.net/Translations,0
https://help.mail.ru/,0
https://help.medium.com/,0
https://help.medium.com/hc/en-us/requests/new?ticket_form_id=9455427953559&form=true&source=login--------------------------lo_home_nav------------------,0
https://help.nexusmods.com/article/109-why-am-i-not-seeing-the-captcha-challenge,0
https://help.nexusmods.com/article/18-terms-of-service,0
https://help.nexusmods.com/article/20-privacy-policy,0
https://help.quizlet.com/hc/en-us/articles/360030788691-Browser-and-device-compatibility,0
https://help.soundcloud.com/,0
https://help.soundcloud.com/hc/articles/115003564308-Technical-requirements,0
https://help.twitter.com/en/rules-and-policies/election-integrity-policy,0
https://help.x.com/rules-and-policies,0
https://help.x.com/rules-and-policies/digital-services-act,0
https://help.x.com/rules-and-policies/x-services-and-corporate-affiliates,0
https://help.yahoo.com/kb/account,0
https://helpcenter.alibaba.com/s/buyer/knowledge?categoryId=275875447&m_station=buyer&questionId=a9a23830df0f478fa521de02666172e5,0
https://holding.wp.pl/,0
https://home.sophos.com/en-us/cookieinfo,0
https://house.focus.cn/?pcm=202.260_3_0.0.0&scm=10001.260_14-201000.0.0.0&spm=smpc.channel_258.block1_78_KJZNhZ_1_nav.5.1756487402786JpkgpKn_1090,0
https://hp.com/ph-en/home.html?utm_source=newp2&utm_medium=online&utm_campaign=printables2&utm_id=printables2,0
https://hr.sohu.com/,0
https://huggingface.co/ibm-granite/granite-vision-3.3-2b,0
https://huggingface.co/spaces/echo840/ocrbench-leaderboard,0
https://id.yandex.ru/about,0
https://identity.uw.edu/account/resetpassword/,0
https://identity.webrootanywhere.com/V1/Account/Login,0
https://identity.webrootanywhere.com/v1/Account/login/externallogin?provider=zix&returnUrl=https%3A%2F%2Fskyidentity.webrootcloudav.com%2Fsignin-skyuber-oidc,0
https://img.travel.rakuten.co.jp/image/tr/hs/pctop/3jfBm/?l-id=login_header,0
https://img.travel.rakuten.co.jp/image/tr/hs/pctop/U1Seg/?l-id=logout_header,0
https://indeed.onelink.me/oo1Z?af_xp=custom&pid=indeed_web&c=gnav-open-app&af_adset=%23F2%3Amagua_gnav_app_download_tst1%2C%23B4%3Amagua_open_app_en_improvement_tst2&indeed_sub2=1j3rd0ud0gerk800&targetUrl=https%3A%2F%2Fph.indeed.com%2Fcompanies%3Futm_source%3Dgnav-open-app%26utm_medium%3Dindeed_web%26utm_campaign%3D%2523F2%253Amagua_gnav_app_download_tst1%252C%2523B4%253Amagua_open_app_en_improvement_tst2%252Cutmend%252CsgndIn%253D0&af_sub1=0&utm_source=gnav-open-app&utm_medium=indeed_web&utm_campaign=%23F2%3Amagua_gnav_app_download_tst1%2C%23B4%3Amagua_open_app_en_improvement_tst2%2Cutmend%2CsgndIn%3D0,0
https://indeed.onelink.me/oo1Z?af_xp=custom&pid=indeed_web&c=gnav-open-app&af_adset=%23F2%3Amagua_gnav_app_download_tst1%2C%23B4%3Amagua_open_app_en_improvement_tst2&indeed_sub2=1j3rd0ud0gerk800&targetUrl=https%3A%2F%2Fph.indeed.com%2Fm%2F%3Futm_source%3Dgnav-open-app%26utm_medium%3Dindeed_web%26utm_campaign%3D%2523F2%253Amagua_gnav_app_download_tst1%252C%2523B4%253Amagua_open_app_en_improvement_tst2%252Cutmend%252CsgndIn%253D0&af_sub1=0&utm_source=gnav-open-app&utm_medium=indeed_web&utm_campaign=%23F2%3Amagua_gnav_app_download_tst1%2C%23B4%3Amagua_open_app_en_improvement_tst2%2Cutmend%2CsgndIn%3D0,0
https://info.bankofamerica.com/en/digital-banking/how-to/online-banking-enrollment-demo,0
https://interchange.ocr.org.uk/,0
https://investor.snap.com/?lang=en-US,0
https://ip-api.com/,0
https://ip-api.com/docs/,0
https://ip-api.status.io/#metric_month,0
https://ip-api.status.io/#metric_today,0
https://ip-api.status.io/#metric_week,0
https://ip-api.status.io/#tab_email,0
https://ip-api.status.io/#tab_rss,0
https://ip-api.status.io/pages/5dd19a34d9b3eb0aa5d653ab/rss,0
https://issuetracker.unity3d.com/,0
https://it.sohu.com/?pcm=202.260_7_0.0.0&scm=10001.260_14-201000.0.0.0&spm=smpc.channel_258.block1_78_KJZNhZ_1_nav.9.1756487402786JpkgpKn_1090,0
https://item.rakuten.co.jp/larocheposay/l00332ropenkit/?l2-id=Ranking_SP_top-0-real_rnkRankingMain&s-id=Ranking_SP_top-0-real_rnkRankingMain_2_image,0
https://item.rakuten.co.jp/yama-oatmeal-institute/kiwamiseimai20/?l2-id=Ranking_SP_top-0-real_rnkRankingMain&s-id=Ranking_SP_top-0-real_rnkRankingMain_1_image,0
https://item.rakuten.co.jp/yama-oatmeal-institute/kiwamiseimai20/?l2-id=Ranking_SP_top-0-real_rnkRankingMain&s-id=Ranking_SP_top-0-real_rnkRankingMain_1_name,0
https://java.testcontainers.org/,0
https://jhalderm.com/pub/papers/letsencrypt-ccs19.pdf,0
https://jobs.ashbyhq.com/character,0
https://konto.onet.pl/checkSSO/login.html?client_id=onetpaid.wiadomosci.front.onetapi.pl&state=%2Fpaywall%2Fauth%2Festablish%3Fauth_manager%3Duser_session_proxy%26state%3D%252F&redirect_uri=https%3A%2F%2Fwiadomosci.onet.pl%2Fuser-session-proxy%2Frefresh,0
https://konto.onet.pl/en/password-recovery?client_id=poczta.onet.pl.front.onetapi.pl,0
https://konto.onet.pl/en/register?client_id=poczta.onet.pl.front.onetapi.pl,0
https://learn.unity.com/,0
https://learning.sohu.com/?pcm=202.260_5_0.0.0&scm=10001.260_14-201000.0.0.0&spm=smpc.channel_258.block1_78_KJZNhZ_1_nav.7.1756487402786JpkgpKn_1090,0
https://legal.hubspot.com/legal-stuff?hubs_content=offers.hubspot.com/contact-sales&hubs_content-cta=legal-stuff&hubs_signup-url=www.hubspot.com/&hubs_signup-cta=nav-utility-contactsales,0
https://legal.hubspot.com/privacy-policy?hubs_content=offers.hubspot.com/contact-sales&hubs_content-cta=privacy-policy&hubs_signup-url=www.hubspot.com/&hubs_signup-cta=nav-utility-contactsales,0
https://lists.debian.org/debconf-announce/2025/08/msg00000.html,0
https://lists.debian.org/debian-devel-announce/2025/08/msg00006.html,0
https://live.paloaltonetworks.com/,0
https://live.paloaltonetworks.com/t5/custom/page/page-id/Support,0
https://locators.bankofamerica.com/,0
https://login.account.rakuten.com/sso/authorize?client_id=rakuten_ranking_web&service_id=r34&response_type=code&scope=openid&redirect_uri=https%3A%2F%2Franking.rakuten.co.jp%2FredirectAuth%2F&state=Lz9sLWlkPXRvcF9ub3JtYWxfZ3JheWhlYWRlcjA1,0
https://login.account.rakuten.com/sso/authorize?client_id=rakuten_ranking_web&service_id=r34&response_type=code&scope=openid&redirect_uri=https%3A%2F%2Franking.rakuten.co.jp%2FredirectAuth%2F&state=Lz9sLWlkPXRvcF9ub3JtYWxfZ3JheWhlYWRlcjAy,0
https://login.account.rakuten.com/sso/register?client_id=rakuten_ranking_web&response_type=code&scope=openid&redirect_uri=https%3A%2F%2Franking.rakuten.co.jp%2FredirectAuth%2F&state=Lz9sLWlkPXRvcF9ub3JtYWxfZ3JheWhlYWRlcjAy,0
https://login.cloudlock.com/,0
https://login.live.com/#,0
https://login.live.com/gls.srf?urlID=MSNPrivacyStatement&mkt=EN-US&uaid=f3f499ed2411470d9fd76f62029e7545,0
https://login.live.com/gls.srf?urlID=WinLiveTermsOfUse&mkt=EN-US&uaid=f3f499ed2411470d9fd76f62029e7545,0
https://login.umbrella.com/,0
https://login.usatoday.com/USAT-GUP/authenticate/?success-url=https%3A%2F%2Fprofile.usatoday.com%2Fnewsletters%2Fmanage%2F&cancel-url=https%3A%2F%2Fprofile.usatoday.com%2Fnewsletters%2Fmanage%2F,0
https://login.usatoday.com/USAT-GUP-SUBSCRIBE/authenticate,0
https://login.wordpress.org/?redirect_to=https%3A%2F%2Fmake.wordpress.org%2F&locale=en_US,0
https://login.wordpress.org/register?locale=en_US,0
https://login.yahoo.com/account/logout?logout_all=1&src=tech,0
https://login.yahoo.com/myaccount/overview?lang=en-US&activity=ybar-acctinfo,0
https://love.mail.ru/?utm_source=portal&utm_medium=new_portal_navigation&utm_campaign=love.mail.ru&mt_link_id=k9iu14&mt_sub1=mail.ru&mt_sub5=371,0
https://m.ezvizlife.com/inter,0
https://m.film.sohu.com/album/9775216.html?vid=9479663&channeled=1210010100&columnid=1,0
https://m.sohu.com/a/929822048_120702?scm=10001.2024_13-101000-0_922.0-0.0.a2_5X151X618&spm=smwp.channel_204.block1_161_43kZw9_1_focus.2.1756487306715j2YQfeJ_269,0
https://m.sohu.com/a/929989518_162522?scm=10001.2024_13-101000-0_922.0-0.0.a2_5X151X618&spm=smwp.channel_204.block1_161_43kZw9_1_focus.1.1756487306715j2YQfeJ_269,0
https://m.sohu.com/feedback?page=function&spm=smwp.channel_204.share.fb.1756487306715j2YQfeJ_269&fburl=https%3A%2F%2Fmil.sohu.com%2F%3Fpcm%3D202.412_1_0.0.0%26scm%3Dthor.412_14-201000.0.0.0%26spm%3Dsmpc.home.top-nav.2.1756484793447CIY8u6o_1467,0
https://m.sohu.com/feedback?page=function&spm=smwp.channel_265.share.fb.17564877570218VTw9Pk_1082&fburl=https%3A%2F%2Fm.sohu.com%2Fz%2F,0
https://m.sohu.com/xchannel/tag?key=%E4%BD%93%E8%82%B2-%E4%B8%AD%E8%B6%85&scm=10001.526_14-201000.0.0.0&spm=smwp.channel_265.block2_177_YIQSI0_1_nav.3.17564877570218VTw9Pk_1082,0
https://m.sohu.com/xchannel/tag?key=%E4%BD%93%E8%82%B2-%E7%94%B7%E8%B6%B3&scm=10001.526_14-201000.0.0.0&spm=smwp.channel_265.block2_177_YIQSI0_1_nav.5.17564877570218VTw9Pk_1082,0
https://m.sohu.com/xchannel/tag?key=%E4%BD%93%E8%82%B2-%E8%8B%B1%E8%B6%85&scm=10001.526_14-201000.0.0.0&spm=smwp.channel_265.block2_177_YIQSI0_1_nav.7.17564877570218VTw9Pk_1082,0
https://m.sohu.com/xchannel/tag?key=%E4%BD%93%E8%82%B2-%E8%A5%BF%E7%94%B2&scm=10001.526_14-201000.0.0.0&spm=smwp.channel_265.block2_177_YIQSI0_1_nav.8.17564877570218VTw9Pk_1082,0
https://m.sohu.com/xchannel/tag?key=%E4%BD%93%E8%82%B2-CBA&scm=10001.526_14-201000.0.0.0&spm=smwp.channel_265.block2_177_YIQSI0_1_nav.2.17564877570218VTw9Pk_1082,0
https://m.sohu.com/xchannel/tag?key=%E4%BD%93%E8%82%B2-NBA&scm=10001.526_14-201000.0.0.0&spm=smwp.channel_265.block2_177_YIQSI0_1_nav.1.17564877570218VTw9Pk_1082,0
https://m.sohu.com/xchannel/tag?key=%E5%86%9B%E4%BA%8B&scm=10001.387_14-201000.0.0.0&spm=smwp.channel_204.block1_177_Sjbckf_1_nav.1.1756487306715j2YQfeJ_269,0
https://m.sohu.com/xchannel/tag?key=%E5%86%9B%E6%83%85%E7%BA%B5%E6%A8%AA-%E5%86%9B%E4%BA%8B%E8%A7%86%E9%A2%91&scm=10001.387_14-201000.0.0.0&spm=smwp.channel_204.block1_177_Sjbckf_1_nav.2.1756487306715j2YQfeJ_269,0
https://m.sohu.com/xchannel/tag?key=%E5%A4%8D%E5%90%88-%E5%86%9B%E6%83%85%E7%BA%B5%E6%A8%AA-%E5%86%9B%E5%A4%87%E6%AD%A6%E5%99%A8&scm=10001.387_14-201000.0.0.0&spm=smwp.channel_204.block1_177_Sjbckf_1_nav.5.1756487306715j2YQfeJ_269,0
https://m.sohu.com/xchannel/tag?key=%E5%A4%8D%E5%90%88-%E5%86%9B%E6%83%85%E7%BA%B5%E6%A8%AA-%E5%86%9B%E6%83%85%E5%89%8D%E5%93%A8&scm=10001.387_14-201000.0.0.0&spm=smwp.channel_204.block1_177_Sjbckf_1_nav.3.1756487306715j2YQfeJ_269,0
https://m.sohu.com/xchannel/tag?key=%E5%A4%8D%E5%90%88-%E5%86%9B%E6%83%85%E7%BA%B5%E6%A8%AA-%E5%8F%B2%E6%B5%B7%E8%BF%B7%E4%BA%91&scm=10001.387_14-201000.0.0.0&spm=smwp.channel_204.block1_177_Sjbckf_1_nav.4.1756487306715j2YQfeJ_269,0
https://m.sohu.com/z/nba?pcm=202.412_8_0.0.0&scm=thor.412_14-201000.0.0.0&spm=smpc.home.top-nav.9.1756484793447CIY8u6o_1467,0
https://m.sohu.com/z/soccer?spm=smwp.channel_264.wap-header.1.1756487756846oe0WIab_1520,0
https://m.soundcloud.com/charts/new,0
https://m.soundcloud.com/defineeverythingfuture,0
https://m.soundcloud.com/defineeverythingfuture/sets/def-x-soundcloud-showcase,0
https://m.soundcloud.com/en/other/community-guidelines,0
https://m.soundcloud.com/gravagerzarchive,0
https://m.soundcloud.com/itsmusubi,0
https://m.soundcloud.com/larryloudmusic,0
https://m.soundcloud.com/oorb_music,0
https://m.soundcloud.com/pages/cookies,0
https://m.soundcloud.com/pages/copyright#copyright-checklist,0
https://m.soundcloud.com/pages/copyright#further-resources,0
https://m.soundcloud.com/pages/copyright#what-is-copyright,0
https://m.soundcloud.com/pages/copyright#what-is-copyright-infringement-and-how-can-i-avoid-it,0
https://m.soundcloud.com/pages/privacy,0
https://m.soundcloud.com/people/directory/b,0
https://m.soundcloud.com/people/directory/c,0
https://m.soundcloud.com/people/directory/d,0
https://m.soundcloud.com/people/directory/e,0
https://m.soundcloud.com/people/directory/f,0
https://m.soundcloud.com/people/directory/g,0
https://m.soundcloud.com/people/directory/h,0
https://m.soundcloud.com/search/albums,0
https://m.soundcloud.com/search/people,0
https://m.soundcloud.com/search/sets,0
https://m.soundcloud.com/search/sounds,0
https://m.soundcloud.com/soundcloud-stories,0
https://m.soundcloud.com/soundcloud-stories/sets/voice-notes-balu-brigada,0
https://m.soundcloud.com/soundcloud-stories/sets/voice-notes-big-wild,0
https://m.soundcloud.com/soundcloud-stories/sets/voice-notes-iniko,0
https://m.soundcloud.com/soundcloud-stories/sets/voice-notes-myd,0
https://m.soundcloud.com/terms-of-use#acceptance-of-terms-of-use,0
https://m.soundcloud.com/terms-of-use#changes-to-terms-of-use,0
https://m.soundcloud.com/terms-of-use#description-of-the-platform,0
https://m.soundcloud.com/terms-of-use#your-soundcloud-account,0
https://m.soundcloud.com/terms-of-use#your-use-of-the-platform,0
https://m.soundcloud.com/trending-music-us,0
https://m.soundcloud.com/whethan,0
https://m.tv.sohu.com/hots,0
https://m.tv.sohu.com/hots?channeled=1210010300,0
https://m.tv.sohu.com/u/vw/669033704.shtml?channeled=1210010300&columnid=15,0
https://m.tv.sohu.com/v9696553.shtml?aid=9957339&channeled=1210010100&columnid=1,0
https://m.tv.sohu.com/v9697627.shtml?aid=8446209&channeled=1210010100&columnid=1,0
https://m.tv.sohu.com/v9709325.shtml?aid=9957392&channeled=1210010100&columnid=1,0
https://m.tv.sohu.com/v9715533.shtml?aid=995760&channeled=1210010100&columnid=1,0
https://m.tv.sohu.com/v9715738.shtml?aid=9574904&channeled=1210010100&columnid=1,0
https://m.yahoo.co.jp/set/tabedit,0
https://m.yahoo.co.jp/set/weather/chugoku?fr=lifetool,0
https://m.yahoo.co.jp/set/weather/chugoku?fr=other,0
https://m.yahoo.co.jp/set/weather/hokuriku?fr=lifetool,0
https://m.yahoo.co.jp/set/weather/hokuriku?fr=other,0
https://m.yahoo.co.jp/set/weather/kanto?fr=lifetool,0
https://m.yahoo.co.jp/set/weather/kanto?fr=other,0
https://m.yahoo.co.jp/set/weather/kinki?fr=lifetool,0
https://m.yahoo.co.jp/set/weather/kinki?fr=other,0
https://m.yahoo.co.jp/set/weather/kyushu?fr=lifetool,0
https://m.yahoo.co.jp/set/weather/kyushu?fr=other,0
https://m.yahoo.co.jp/set/weather/shikoku?fr=lifetool,0
https://m.yahoo.co.jp/set/weather/shikoku?fr=other,0
https://m.yahoo.co.jp/set/weather/tohoku?fr=lifetool,0
https://m.yahoo.co.jp/set/weather/tohoku?fr=other,0
https://m.yahoo.co.jp/set/weather/tokai?fr=lifetool,0
https://m.yahoo.co.jp/set/weather/tokai?fr=other,0
https://m.yahoo.co.jp/tools/edit,0
https://m.yelp.com/biz/calilao-auto-supply-lungsod-quezon,0
https://m.yelp.com/biz/orlando-suites-manila,0
https://m.yelp.com/login?return_url=https%3A%2F%2Fm.yelp.com%2Fsearch%3Ffind_desc%3DApartments%26find_loc%3DManila%252C%2BMetro%2BManila%252C%2BPhilippines,0
https://m.yelp.com/login?return_url=https%3A%2F%2Fm.yelp.com%2Fsearch%3Ffind_desc%3DAutomotive%26find_loc%3DManila%252C%2BMetro%2BManila%252C%2BPhilippines,0
https://m.yelp.com/login?return_url=https%3A%2F%2Fm.yelp.com%2Fsearch%3Ffind_desc%3DHome%2BCleaners%26find_loc%3DManila%252C%2BMetro%2BManila%252C%2BPhilippines,0
https://m.yelp.com/search?find_desc=Active+Life&find_loc=San+Francisco%2C+CA,0
https://m.yelp.com/search?find_desc=Amateur+Sports+Teams&find_loc=San+Francisco%2C+CA,0
https://m.yelp.com/search?find_desc=Amusement+Parks&find_loc=San+Francisco%2C+CA,0
https://m.yelp.com/search?find_desc=Apartments&find_loc=Manila%2C+NCR,0
https://m.yelp.com/search?find_desc=Automotive&find_loc=Manila%2C+Metro+Manila,0
https://m.yelp.com/search?find_desc=Bike+Rentals&find_loc=San+Francisco%2C+CA,0
https://m.yelp.com/search?find_desc=Boating&find_loc=San+Francisco%2C+CA,0
https://m.yelp.com/search?find_desc=Bowling&find_loc=San+Francisco%2C+CA,0
https://m.yelp.com/search?find_desc=Golf&find_loc=San+Francisco%2C+CA,0
https://m.yelp.com/search?find_desc=Home+Cleaning&find_loc=Manila%2C+Metro+Manila,0
https://m.yelp.com/search?find_desc=Home+Services&find_loc=Manila%2C+Metro+Manila,0
https://m.yelp.com/search?find_desc=Playgrounds&find_loc=San+Francisco%2C+CA,0
https://m.yelp.com/search?find_desc=Tennis&find_loc=San+Francisco%2C+CA,0
https://m.ys7.com/default/index.html,0
https://m.ys7.com/goods/list2.html?position=cateye#filter,0
https://m.ys7.com/goods/list2.html?position=doorLock#filter,0
https://m.ys7.com/goods/list2.html?position=hot_recommend#filter,0
https://m.ys7.com/goods/list2.html?position=ipcamera#filter,0
https://m.ys7.com/goods/list2.html?position=life#filter,0
https://m.ys7.com/house-smart/index.html?position=vr,0
https://m.ys7.com/item/188466.html,0
https://m.ys7.com/item/364552.html,0
https://m.ys7.com/item/412198.html,0
https://m.ys7.com/item/414430.html,0
https://m.ys7.com/item/439915.html,0
https://m.ys7.com/item/447776.html,0
https://m.ys7.com/item/468281.html,0
https://m.ys7.com/item/540269.html,0
https://m.ys7.com/item/540382.html,0
https://m.ys7.com/item/551267.html,0
https://m.ys7.com/item/589833.html,0
https://m.ys7.com/item/605909.html,0
https://m.ys7.com/item/611685.html,0
https://m.ys7.com/item/620658.html,0
https://m.ys7.com/item/624501.html,0
https://m.ys7.com/item/651492.html,0
https://m.ys7.com/item/655735.html,0
https://m.ys7.com/item/660658.html,0
https://m.ys7.com/item/666398.html,0
https://m.ys7.com/item/723518.html,0
https://m.ys7.com/item/772979.html,0
https://m.ys7.com/item/783228.html,0
https://m.ys7.com/item/783847.html,0
https://m.ys7.com/item/786190.html,0
https://m.ys7.com/item/789874.html,0
https://m.ys7.com/item/790397.html,0
https://m.ys7.com/item/792109.html,0
https://m.ys7.com/item/797008.html,0
https://m.ys7.com/item/797091.html,0
https://m.ys7.com/item/833570.html,0
https://m.ys7.com/item/836742.html,0
https://m.ys7.com/item/837194.html,0
https://m.ys7.com/item/846087.html,0
https://m.ys7.com/item/884102.html,0
https://m.ys7.com/item/884224.html,0
https://m.ys7.com/item/886662.html,0
https://m.ys7.com/item/888137.html,0
https://m.ys7.com/topic/20240106yyeewj.html?position=index-advertisement_advertisement_1-1#,0
https://madame.lefigaro.fr/#fig-page,0
https://magazyn.wp.pl/,0
https://magentacloud.de/apps/user_oidc/login/1,0
https://magentacloud.de/login,0
https://magentacloud.de/login#,0
https://mail.ru/?utm_source=portal&utm_medium=logo_portal_navigation&utm_campaign=mail.ru&mt_link_id=o4lsx4&mt_sub1=help.mail.ru,0
https://mail.ru/?utm_source=portal&utm_medium=logo_portal_navigation&utm_campaign=mail.ru&mt_link_id=o4lsx4&mt_sub1=mail.ru&mt_sub5=371,0
https://mail.ru/region?page=https://news.mail.ru,0
https://mail.ru/region?page=https://news.mail.ru/,0
https://mail.ru/region?page=https://pogoda.mail.ru/prognoz/manila/,0
https://mail.ru/region?page=https://sportmail.ru/,0
https://mail.yahoo.com/,0
https://mailchimp.com/?utm_source=intuit.com&utm_medium=referral#content,0
https://mailchimp.com/features/#content,0
https://mailchimp.com/pricing/marketing/#content,0
https://mailchimp.com/solutions/ai-tools/#content,0
https://mailchimp.com/solutions/analytics-reporting-tools/#content,0
https://mailchimp.com/solutions/audience-segmentation-tools/#content,0
https://mailchimp.com/solutions/content-creation-tools/#content,0
https://mailchimp.com/solutions/digital-marketing-templates/#content,0
https://mailchimp.com/solutions/email-marketing-platform/#content,0
https://mailchimp.com/solutions/lead-generation-platform/#content,0
https://mailchimp.com/solutions/marketing-automation-tools/#content,0
https://mailchimp.com/solutions/social-media-marketing-tools/#content,0
https://mailchimp.com/solutions/website-builder/#content,0
https://mailchimp.com/whats-new/#content,0
https://make.wordpress.org/#wp--skip-link--target,0
https://make.wordpress.org/openverse/handbook/,0
https://maps.google.com/help/terms_maps.html,0
https://marketingplatform.google.com/about/resources/community/,0
https://marketingplatform.google.com/about/resources/insights/,0
https://marketingplatform.google.com/about/resources/success-stories/,0
https://marketplace.visualstudio.com/,0
https://marketplace.visualstudio.com/items?itemName=SharpDevelopTeam.ILSpy2022,0
https://marketplace.visualstudio.com/items?itemName=SonarSource.sonarlint-vscode,0
https://marketplace.visualstudio.com/manage,0
https://marketplace.visualstudio.com/subscriptions,0
https://marketplace.visualstudio.com/vs#start-of-content,0
https://marketplace.visualstudio.com/vscode#start-of-content,0
https://marketplace.visualstudio.com/vsts,0
https://markets.ft.com/data#o-header-drawer,0
https://markets.ft.com/data#o-header-search,0
https://marktplatz.bild.de/#main-content,0
https://marktplatz.bild.de/cart,0
https://marktplatz.bild.de/collections/bewaesserung,0
https://marktplatz.bild.de/collections/gartengeraete,0
https://marktplatz.bild.de/collections/garten-heimwerken,0
https://marktplatz.bild.de/collections/haus-garten,0
https://mas.adobe.com/studio.html#content-type=merch-card-collection&page=content&path=acom&query=07f9729e-dc1f-4634-829d-7aa469bb0d33,0
https://mas.adobe.com/studio.html#content-type=merch-card-collection&page=content&path=acom&query=745bf04d-0112-4468-a6d4-15db07e93578,0
https://max.ru/rentv_news,0
https://media.netflix.com/en/,0
https://media.netflix.com/en/contact-us,0
https://mediablog.prnewswire.com/,0
https://medium.com/?source=--------------------------------------------,0
https://medium.com/?source=login--------------------------lo_home_nav------------------,0
https://medium.com/?source=post_page---top_nav_layout_nav-----------------------------------------,0
https://medium.com/?source=register--------------------------lo_home_nav------------------,0
https://medium.com/@edans?source=---landing_membership-----------------------------------------,0
https://medium.com/@kozyrkov?source=---landing_membership-----------------------------------------,0
https://medium.com/@wenqiglantz?source=---landing_membership-----------------------------------------,0
https://medium.com/about?source=--------------------------------------------,0
https://medium.com/jobs-at-medium?source=post_page---post_publication_sidebar-218e8144de6d-959d1a85284e---------------------------------------,0
https://medium.com/jobs-at-medium?source=post_page---publication_nav-218e8144de6d-959d1a85284e---------------------------------------,0
https://medium.com/m/signin?actionUrl=https%3A%2F%2Fmedium.com%2F_%2Fsubscribe%2Fcollection%2Fjobs-at-medium&operation=register&redirect=https%3A%2F%2Fmedium.com%2Fjobs-at-medium%2Fwork-at-medium-959d1a85284e&collection=Jobs+at+Medium&collectionId=218e8144de6d&source=post_page---publication_nav-218e8144de6d-959d1a85284e---------------------publication_nav------------------,0
https://medium.com/m/signin?actionUrl=https%3A%2F%2Fmedium.com%2F_%2Fsubscribe%2Fcollection%2Fpolicy&operation=register&redirect=https%3A%2F%2Fpolicy.medium.com%2Fmedium-privacy-policy-f03bf92035c9&collection=Medium+Policy&collectionId=675ebe56ac25&source=post_page---publication_nav-675ebe56ac25-f03bf92035c9---------------------publication_nav------------------,0
https://medium.com/m/signin?actionUrl=https%3A%2F%2Fmedium.com%2F_%2Fsubscribe%2Fcollection%2Fpolicy&operation=register&redirect=https%3A%2F%2Fpolicy.medium.com%2Fmedium-privacy-policy-f03bf92035c9&collection=Medium+Policy&collectionId=675ebe56ac25&source=post_page---post_publication_sidebar-675ebe56ac25-f03bf92035c9---------------------post_publication_sidebar------------------,0
https://medium.com/m/signin?operation=login&redirect=https%3A%2F%2Fmedium.com%2Fjobs-at-medium%2Fwork-at-medium-959d1a85284e&source=post_page---top_nav_layout_nav-----------------------global_nav------------------,0
https://medium.com/m/signin?operation=login&redirect=https%3A%2F%2Fpolicy.medium.com%2Fmedium-privacy-policy-f03bf92035c9&source=post_page---top_nav_layout_nav-----------------------global_nav------------------,0
https://medium.com/m/signin?operation=login&redirect=https%3A%2F%2Fpolicy.medium.com%2Fmedium-rules-30e5502c4eb4&source=post_page---top_nav_layout_nav-----------------------global_nav------------------,0
https://medium.com/m/signin?operation=login&redirect=https%3A%2F%2Fpolicy.medium.com%2Fmedium-terms-of-service-9db0094a1e0f&source=post_page---top_nav_layout_nav-----------------------global_nav------------------,0
https://medium.com/m/signin?operation=register&redirect=https%3A%2F%2Fmedium.com%2F&source=--------------------------landing_about------------------,0
https://medium.com/m/signin?operation=register&redirect=https%3A%2F%2Fmedium.com%2Fnew-story&source=---top_nav_layout_nav-----------------------new_post_topnav------------------,0
https://medium.com/membership?source=--------------------------------------------,0
https://medium.com/new-story?source=--------------------------------------------,0
https://medium.com/new-story?source=register--------------------------new_post_topnav------------------,0
https://medium.com/plans?source=---landing_membership-----------------------------------------,0
https://medium.com/search?source=post_page---top_nav_layout_nav-----------------------------------------,0
https://medium.statuspage.io/#,0
https://medium.statuspage.io/#updates-dropdown-atom,0
https://medium.statuspage.io/#updates-dropdown-support,0
https://medium.statuspage.io/#updates-dropdown-twitter,0
https://medium.statuspage.io/history.atom,0
https://medium.statuspage.io/history.rss,0
https://medlineplus.gov/#start,0
https://medlineplus.gov/about/,0
https://medlineplus.gov/druginformation.html,0
https://medlineplus.gov/encyclopedia.html,0
https://medlineplus.gov/genetics/,0
https://medlineplus.gov/healthtopics.html,0
https://medlineplus.gov/lab-tests/,0
https://members.ip-api.com/#pricing,0
https://members.ip-api.com/#subscribe,0
https://members.ip-api.com/contact,0
https://members.ip-api.com/contact/sales,0
https://members.ip-api.com/legal,0
https://members.ip-api.com/login,0
https://meraki.cisco.com/de-de/#,0
https://meraki.cisco.com/de-de/#fw-content,0
https://meraki.cisco.com/de-de/#fw-footer,0
https://meraki.cisco.com/de-de/#genesis-content,0
https://meraki.cisco.com/de-de/#genesis-nav-primary,0
https://meraki.cisco.com/en-au/#,0
https://meraki.cisco.com/en-au/#fw-content,0
https://meraki.cisco.com/en-au/#fw-footer,0
https://meraki.cisco.com/en-au/#genesis-content,0
https://meraki.cisco.com/en-au/#genesis-nav-primary,0
https://meraki.cisco.com/en-au/form/contact/,0
https://meraki.cisco.com/en-uk/#,0
https://meraki.cisco.com/en-uk/#fw-content,0
https://meraki.cisco.com/en-uk/#fw-footer,0
https://meraki.cisco.com/en-uk/#genesis-content,0
https://meraki.cisco.com/en-uk/#genesis-nav-primary,0
https://meraki.cisco.com/es-co/#,0
https://meraki.cisco.com/es-co/#fw-content,0
https://meraki.cisco.com/es-co/#fw-footer,0
https://meraki.cisco.com/es-co/#genesis-content,0
https://meraki.cisco.com/es-co/#genesis-nav-primary,0
https://meraki.cisco.com/form/contact/#,0
https://meraki.cisco.com/form/contact/#fw-content,0
https://meraki.cisco.com/form/contact/#fw-footer,0
https://meraki.cisco.com/form/contact/#genesis-content,0
https://meraki.cisco.com/form/contact/#genesis-nav-primary,0
https://meraki.cisco.com/fr-ca/#,0
https://meraki.cisco.com/fr-ca/#fw-content,0
https://meraki.cisco.com/fr-ca/#fw-footer,0
https://meraki.cisco.com/fr-ca/#genesis-content,0
https://meraki.cisco.com/fr-ca/#genesis-nav-primary,0
https://meraki.cisco.com/fr-ca/form/contact/,0
https://meraki.cisco.com/fr-fr/#,0
https://meraki.cisco.com/fr-fr/#fw-content,0
https://meraki.cisco.com/fr-fr/#fw-footer,0
https://meraki.cisco.com/fr-fr/#genesis-content,0
https://meraki.cisco.com/fr-fr/#genesis-nav-primary,0
https://meraki.cisco.com/fr-fr/form/contact/,0
https://meraki.cisco.com/ja-jp/#,0
https://meraki.cisco.com/ja-jp/#fw-content,0
https://meraki.cisco.com/ja-jp/#fw-footer,0
https://meraki.cisco.com/ja-jp/#genesis-content,0
https://meraki.cisco.com/ja-jp/#genesis-nav-primary,0
https://www.nike.com/ph/basketball/ja-morant#skip-to-content,0
https://www.nike.com/ph/help#skip-to-content,0
https://www.nike.com/ph/help/#skip-to-content,0
https://www.nike.com/ph/help/a/returns-policy#skip-to-content,0
https://www.nike.com/ph/help/a/shipping-delivery#skip-to-content,0
https://www.nike.com/ph/jordan#skip-to-content,0
https://www.nike.com/ph/membership#skip-to-content,0
https://www.nike.com/ph/orders/details/#skip-to-content,0
https://www.nike.com/ph/retail#skip-to-content,0
https://www.nike.com/ph/w/best-76m50#skip-to-content,0
https://www.nike.com/ph/w/new-3n82y#skip-to-content,0
https://www.nike.com/ph/w/new-upcoming-drops-k0gk#skip-to-content,0
https://www.nikkei.co.jp/nikkeiinfo/,0
https://www.nikkei.co.jp/nikkeiinfo/news/press/,0
https://www.nikkei.co.jp/nikkeiinfo/privacy/about.html,0
https://www.nikkei.co.jp/saiyo/?n_cid=JSID2,0
https://www.nikkei.com/access/,0
https://www.nikkei.com/etc/accounts/login?dps=1&url=https%3A%2F%2Fwww.nikkei.com%2Fnkd%2F,0
https://www.nikkei.com/help/,0
https://www.nikkei.com/jinji/,0
https://www.nikkei.com/jinji/all/?jw_top=1,0
https://www.nikkei.com/jinji/all/?jw_top=2,0
https://www.nikkei.com/jinji/all/?jw_top=3,0
https://www.nikkei.com/jinji/manage/?jw_top=4,0
https://www.nikkei.com/jinji/manage/?jw_top=5,0
https://www.nikkei.com/jinji/manage/?jw_top=6,0
https://www.nikkei.com/markets/,0
https://www.nikkei.com/markets/kigyo/disclose/,0
https://www.nikkei.com/markets/stocks/,0
https://www.nikkei.com/news/jinji,0
https://www.nikkei.com/news/okuyami,0
https://www.nikkei.com/pressrelease,0
https://www.nikkei.com/prime/digital-governance/,0
https://www.nikkei.com/prime/digital-governance/article/DGXZQOGN270PK027022024000000,0
https://www.nikkei.com/prime/digital-governance/sections/C5000000,0
https://www.nikkei.com/prime/digital-governance/sections/C5000001,0
https://www.nikkei.com/prime/digital-governance/sections/C5001000,0
https://www.nikkei.com/prime/digital-governance/sections/C5001001,0
https://www.nikkei.com/prime/digital-governance/sections/C5001002,0
https://www.nikkei.com/prime/digital-governance/sections/C5001003,0
https://www.nikkei.com/prime/digital-governance/sections/C5001005,0
https://www.nikkei.com/prime/digital-governance/sections/C5001009,0
https://www.nikkei.com/prime/digital-governance/sections/C500100A,0
https://www.nikkei.com/prime/ft/sections/C3001000,0
https://www.nikkei.com/prime/ft/sections/C3001001,0
https://www.nikkei.com/prime/ft/sections/C3001002,0
https://www.nikkei.com/prime/ft/sections/C3001003,0
https://www.nikkei.com/prime/ft/sections/C3001004,0
https://www.nikkei.com/prime/ft/sections/C3001005,0
https://www.nikkei.com/prime/ft/sections/C3001006,0
https://www.nikkei.com/prime/ft/sections/C3001007,0
https://www.nikkei.com/prime/ft/sections/C300100F,0
https://www.nikkei.com/prime/gx/sections/C1001000,0
https://www.nikkei.com/prime/gx/sections/C1001001,0
https://www.nikkei.com/prime/gx/sections/C1001002,0
https://www.nikkei.com/prime/gx/sections/C1001003,0
https://www.nikkei.com/prime/gx/sections/C1001004,0
https://www.nikkei.com/prime/gx/sections/C1001005,0
https://www.nikkei.com/prime/gx/sections/C1001006,0
https://www.nikkei.com/prime/gx/sections/C1001007,0
https://www.nikkei.com/prime/gx/sections/C1001008,0
https://www.nikkei.com/prime/minutes/article/DGXZQOUA251W70V20C25A8000000,0
https://www.nikkei.com/prime/minutes/sections/C4000000,0
https://www.nikkei.com/prime/minutes/sections/C4000001,0
https://www.nikkei.com/prime/minutes/sections/C4000002,0
https://www.nikkei.com/prime/minutes/sections/C4001000,0
https://www.nikkei.com/prime/minutes/sections/C4001001,0
https://www.nikkei.com/prime/minutes/sections/C4001002,0
https://www.nikkei.com/prime/mobility/sections/C0001000,0
https://www.nikkei.com/prime/mobility/sections/C0001001,0
https://www.nikkei.com/prime/mobility/sections/C0001002,0
https://www.nikkei.com/prime/mobility/sections/C0001003,0
https://www.nikkei.com/prime/mobility/sections/C0001004,0
https://www.nikkei.com/prime/mobility/sections/C0001005,0
https://www.nikkei.com/prime/mobility/sections/C0001006,0
https://www.nikkei.com/prime/mobility/sections/C0001007,0
https://www.nikkei.com/prime/mobility/sections/C0001008,0
https://www.nikkei.com/prime/tech-foresight/sections/C2001000,0
https://www.nikkei.com/prime/tech-foresight/sections/C2001001,0
https://www.nikkei.com/prime/tech-foresight/sections/C2001002,0
https://www.nikkei.com/prime/tech-foresight/sections/C2001003,0
https://www.nikkei.com/prime/tech-foresight/sections/C2001004,0
https://www.nikkei.com/prime/tech-foresight/sections/C2001005,0
https://www.nikkei.com/prime/tech-foresight/sections/C200100C,0
https://www.nikkei.com/prime/tech-foresight/sections/C200100D,0
https://www.nikkei.com/prime/tech-foresight/sections/C200100E,0
https://www.nikkei.com/prime/veritas/sections/C6000000,0
https://www.nikkei.com/prime/veritas/sections/C6000001,0
https://www.nikkei.com/prime/veritas/sections/C6000002,0
https://www.nikkei.com/prime/veritas/sections/C6001000,0
https://www.nikkei.com/prime/veritas/sections/C6001001,0
https://www.nikkei.com/prime/veritas/sections/C6001002,0
https://www.nikkei.com/prime/veritas/sections/C600400F,0
https://www.nikkei.com/prime/veritas/sections/C600400G,0
https://www.nikkei.com/prime/veritas/special/archives,0
https://www.nikkei.com/promotion/service/jinji/?n_cid=JWPRMHRCVALDSRG03&utm_source=nikkei&utm_medium=house-ads&utm_campaign=JW_DH_TA_RG_N_JWC,0
https://www.nikkei.com/promotion/service/prime/#digital-governance,0
https://www.nikkei.com/promotion/service/prime/#ft,0
https://www.nikkei.com/promotion/service/prime/#gx,0
https://www.nikkei.com/promotion/service/prime/#minutes,0
https://www.nikkei.com/promotion/service/prime/#mobility,0
https://www.nikkei.com/promotion/service/prime/#tech,0
https://www.nikkei.com/promotion/service/prime/#veritas,0
https://www.nikkei.com/promotion/service/prime/digital-governance/,0
https://www.nikkei.com/promotion/service/prime/minutes/,0
https://www.nikkei.com/promotion/service/share/,0
https://www.nikkei.com/smartchart/,0
https://www.nikkei.com/special/vdata/archive,0
https://www.nikkei.com/theme/list/,0
https://www.nikkei.com/topics/topic_event_25022800,0
https://www.nikkei.com/topics/topic_trend_25021100,0
https://www.nintendo.com/ph/,0
https://www.nintendo.com/ph/character/kirby/index.html,0
https://www.nintendo.com/ph/for-parents/app/index.html#,0
https://www.nintendo.com/ph/games/switch/note/index.html,0
https://www.nintendo.com/ph/games/switch2/index.html#,0
https://www.nintendo.com/ph/hardware/alarmo/index.html#,0
https://www.nintendo.com/ph/hardware/amiibo/lineup/aaac/index.html,0
https://www.nintendo.com/ph/hardware/amiibo/lineup/aaad/index.html,0
https://www.nintendo.com/ph/hardware/amiibo/lineup/abaa/index.html,0
https://www.nintendo.com/ph/hardware/amiibo/lineup/abac/index.html,0
https://www.nintendo.com/ph/hardware/amiibo/lineup/abaf/index.html,0
https://www.nintendo.com/ph/hardware/amiibo/lineup/aeaj/index.html,0
https://www.nintendo.com/ph/hardware/amiibo/lineup/aeak/index.html,0
https://www.nintendo.com/ph/hardware/amiibo/lineup/akak/index.html,0
https://www.nintendo.com/ph/hardware/amiibo/lineup/akan/index.html,0
https://www.nintendo.com/ph/hardware/detail/switch/index.html,0
https://www.nintendo.com/ph/hardware/detail/switch-lite/index.html,0
https://www.nintendo.com/ph/hardware/detail/switch-oled/index.html,0
https://www.nintendo.com/ph/hardware/gamewatch/zelda/index.html#,0
https://www.nintendo.com/ph/hardware/switch/accessories/index.html,0
https://www.nintendo.com/ph/hardware/switch/compare/index.html,0
https://www.nintendo.com/ph/hardware/switch/parentalcontrols/index.html,0
https://www.nintendo.com/ph/hardware/switch2/accessories/index.html,0
https://www.nintendo.com/ph/hardware/switch2/gamechat/index.html,0
https://www.nintendo.com/ph/hardware/switch2/index.html,0
https://www.nintendo.com/ph/hardware/switch2/lineup/index.html,0
https://www.nintendo.com/ph/hardware/switch2/specs/index.html,0
https://www.nintendo.com/ph/news/article/1HRPBLJ2Cl6opBiaHFhq0b#,0
https://www.nintendo.com/ph/news/article/1WGZt0F7f2KyYZFKnUIwA3#,0
https://www.nintendo.com/ph/news/article/4SXccbj0DcfghcIkfhtV3E#,0
https://www.nintendo.com/ph/news/article/6GY88jKhRpLreV6MHkXte2#,0
https://www.nintendo.com/ph/news/article/MpnAu4AuYKdLcsi7w3beg#,0
https://www.nintendo.com/ph/news/list#,0
https://www.nintendo.com/ph/schedule/,0
https://www.nintendo.com/ph/schedule/index.html#,0
https://www.nintendo.com/ph/switch/arzg/index.html,0
https://www.nintendo.com/ph/switch/index.html,0
https://www.nintendo.com/ph/switch2,0
https://www.nintendo.com/ph/switch2/index.html#,0
https://www.nist.gov/about-nist/contact-us#main-content,0
https://www.nist.gov/advanced-communications#main-content,0
https://www.nist.gov/artificial-intelligence#main-content,0
https://www.nist.gov/bioscience#main-content,0
https://www.nist.gov/buildings-construction#main-content,0
https://www.nist.gov/careers#main-content,0
https://www.nist.gov/chemistry#main-content,0
https://www.nist.gov/cybersecurity-and-privacy#main-content,0
https://www.nist.gov/electronics#main-content,0
https://www.nist.gov/energy#main-content,0
https://www.nist.gov/environment#main-content,0
https://www.nist.gov/fire#main-content,0
https://www.nist.gov/forensic-science#main-content,0
https://www.nist.gov/health#main-content,0
https://www.nist.gov/information-technology#main-content,0
https://www.nist.gov/publications#main-content,0
https://www.nist.gov/topics#main-content,0
https://www.noaa.gov/about-our-agency#main,0
https://www.noaa.gov/charting#main,0
https://www.noaa.gov/climate#main,0
https://www.noaa.gov/education#main,0
https://www.noaa.gov/fisheries#main,0
https://www.noaa.gov/marine-aviation#main,0
https://www.noaa.gov/news-features#main,0
https://www.noaa.gov/ocean-coasts#main,0
https://www.noaa.gov/research#main,0
https://www.noaa.gov/sanctuaries#main,0
https://www.noaa.gov/satellites#main,0
https://www.noaa.gov/tools-and-resources#main,0
https://www.noaa.gov/weather#main,0
https://www.npmjs.com/#main,0
https://www.npmjs.com/#search,0
https://www.npmjs.com/#signin,0
https://www.npmjs.com/login,0
https://www.npmjs.com/package/namecom-mcp?activeTab=readme,0
https://www.npmjs.com/products,0
https://www.npmjs.com/products/pro,0
https://www.npmjs.com/products/teams,0
https://www.npmjs.com/signup,0
https://www.npr.org/books/#mainContent,0
https://www.npr.org/newsletters/#mainContent,0
https://www.npr.org/sections/business/#mainContent,0
https://www.npr.org/sections/climate/#mainContent,0
https://www.npr.org/sections/codeswitch/#mainContent,0
https://www.npr.org/sections/culture/#mainContent,0
https://www.npr.org/sections/health/#mainContent,0
https://www.npr.org/sections/movies/#mainContent,0
https://www.npr.org/sections/national/#mainContent,0
https://www.npr.org/sections/news/#mainContent,0
https://www.npr.org/sections/politics/#mainContent,0
https://www.npr.org/sections/pop-culture/#mainContent,0
https://www.npr.org/sections/science/#mainContent,0
https://www.npr.org/sections/television/#mainContent,0
https://www.npr.org/sections/world/#mainContent,0
https://www.ntp.org/bugs/#security-bugs,0
https://www.ntp.org/bugs/#software-bugs,0
https://www.ntp.org/documentation/,0
https://www.ntp.org/documentation/4.2.8-series/sitemap/,0
https://www.ntp.org/reflib/brief/,0
https://www.ntp.org/reflib/memos/,0
https://www.ntp.org/reflib/pictures/,0
https://www.ntp.org/reflib/reports/,0
https://www.nvidia.com/,0
https://www.nvidia.com/?ncid=no-ncid,0
https://www.nvidia.com/en-us/#page-content,0
https://www.nvidia.com/en-us/?ncid=no-ncid,0
https://www.nvidia.com/en-us/autonomous-machines/embedded-systems/#page-content,0
https://www.nvidia.com/en-us/clara/biopharma/#page-content,0
https://www.nvidia.com/en-us/clara/biopharma/?ncid=no-ncid,0
https://www.nvidia.com/en-us/clara/medical-devices/#page-content,0
https://www.nvidia.com/en-us/data-center/#,0
https://www.nvidia.com/en-us/data-center/#page-content,0
https://www.nvidia.com/en-us/data-center/?ncid=no-ncid,0
https://www.nvidia.com/en-us/data-center/dgx-cloud/#page-content,0
https://www.nvidia.com/en-us/data-center/dgx-cloud/?ncid=no-ncid,0
https://www.nvidia.com/en-us/data-center/dgx-platform/#page-content,0
https://www.nvidia.com/en-us/data-center/grace-cpu/#page-content,0
https://www.nvidia.com/en-us/data-center/hgx/#page-content,0
https://www.nvidia.com/en-us/data-center/products/mgx/#page-content,0
https://www.nvidia.com/en-us/data-center/products/ovx/#page-content,0
https://www.nvidia.com/en-us/edge-computing/products/igx/#page-content,0
https://www.nvidia.com/en-us/geforce/#page-content,0
https://www.nvidia.com/en-us/geforce/graphics-cards/#page-content,0
https://www.nvidia.com/en-us/gpu-cloud/#page-content,0
https://www.nvidia.com/en-us/gpu-cloud/?ncid=no-ncid,0
https://www.nvidia.com/en-us/omniverse/cloud/?ncid=no-ncid,0
https://www.nvidia.com/en-us/solutions/autonomous-vehicles/in-vehicle-computing/#page-content,0
https://www.nwtime.org/about/,0
https://www.nwtime.org/donate/,0
https://www.nwtime.org/membership/,0
https://www.nwtime.org/membership/benefits/,0
https://www.nwtime.org/news/,0
https://www.nytimes.com/2025/08/27/us/federal-funding-education-department-republican-school-district.html,0
https://www.nytimes.com/2025/08/28/sports/football/jim-murray-dead.html,0
https://www.nytimes.com/2025/08/28/us/politics/trump-denver-schools-transgender-bathrooms.html,0
https://www.nytimes.com/2025/08/29/arts/music/rodion-shchedrin-dead.html,0
https://www.nytimes.com/2025/08/29/us/gregory-bovino-immigration-california.html,0
https://www.nytimes.com/2025/08/29/us/politics/kamala-harris-secret-service.html,0
https://www.nytimes.com/2025/08/29/us/politics/trump-foreign-aid.html,0
https://www.nytimes.com/2025/08/29/world/asia/vietnam-tran-trong-duyet-obituary.html,0
https://www.nytimes.com/ca/#site-content,0
https://www.nytimes.com/ca/#site-index,0
https://www.nytimes.com/column/big-city,0
https://www.nytimes.com/column/global-health,0
https://www.nytimes.com/column/the-new-old-age,0
https://www.nytimes.com/es/#site-content,0
https://www.nytimes.com/es/#site-index,0
https://www.nytimes.com/interactive/2022/us/fire-tracker-maps.html,0
https://www.nytimes.com/international/#site-content,0
https://www.nytimes.com/international/#site-index,0
https://www.nytimes.com/section/climate,0
https://www.nytimes.com/section/education#after-sponsor,0
https://www.nytimes.com/section/education#site-content,0
https://www.nytimes.com/section/education#site-index,0
https://www.nytimes.com/section/education/learning,0
https://www.nytimes.com/section/health#after-sponsor,0
https://www.nytimes.com/section/health#after-top,0
https://www.nytimes.com/section/health#site-content,0
https://www.nytimes.com/section/health#site-index,0
https://www.nytimes.com/section/health/policy,0
https://www.nytimes.com/section/learning,0
https://www.nytimes.com/section/nyregion#after-sponsor,0
https://www.nytimes.com/section/nyregion#after-top,0
https://www.nytimes.com/section/nyregion#site-content,0
https://www.nytimes.com/section/nyregion#site-index,0
https://www.nytimes.com/section/obituaries#after-sponsor,0
https://www.nytimes.com/section/obituaries#after-top,0
https://www.nytimes.com/section/obituaries#site-content,0
https://www.nytimes.com/section/obituaries#site-index,0
https://www.nytimes.com/section/politics#after-top,0
https://www.nytimes.com/section/politics#site-content,0
https://www.nytimes.com/section/politics#site-index,0
https://www.nytimes.com/section/science#after-sponsor,0
https://www.nytimes.com/section/science#after-top,0
https://www.nytimes.com/section/science#site-content,0
https://www.nytimes.com/section/science#site-index,0
https://www.nytimes.com/section/science/space,0
https://www.nytimes.com/section/todayspaper#after-sponsor,0
https://www.nytimes.com/section/todayspaper#after-top,0
https://www.nytimes.com/section/todayspaper#international,0
https://www.nytimes.com/section/todayspaper#national,0
https://www.nytimes.com/section/todayspaper#site-content,0
https://www.nytimes.com/section/todayspaper#site-index,0
https://www.nytimes.com/section/todayspaper#thefrontpage,0
https://www.nytimes.com/section/us#after-sponsor,0
https://www.nytimes.com/section/us#after-top,0
https://www.nytimes.com/section/us#site-content,0
https://www.nytimes.com/section/us#site-index,0
https://www.nytimes.com/spotlight/california-news#after-sponsor,0
https://www.nytimes.com/spotlight/california-news#after-subheader,0
https://www.nytimes.com/spotlight/california-news#site-content,0
https://www.nytimes.com/spotlight/california-news#site-index,0
https://www.nytimes.com/spotlight/eric-adams-mayor-nyc,0
https://www.nytimes.com/spotlight/kathy-hochul,0
https://www.nytimes.com/spotlight/race,0
https://www.nytimes.com/subscription?campaignId=9YU8R&source=bar1,0
https://www.o2online.de/#layer-menu-Mobilfunk,0
https://www.o2online.de/#routingwidget,0
https://www.o2online.de/e-shop/,0
https://www.o2online.de/mobilfunk/,0
https://www.o2online.de/shops/,0
https://www.o2online.de/tarife/,0
https://www.okta.com/agreements,0
https://www.okta.com/au/search,0
https://www.okta.com/au/search?id=countrydropdownheader-AU,0
https://www.okta.com/businesses-at-work/,0
https://www.okta.com/de/search,0
https://www.okta.com/de-de/#chat-now,0
https://www.okta.com/en-au/#chat-now,0
https://www.okta.com/en-ca/#chat-now,0
https://www.okta.com/en-gb/#chat-now,0
https://www.okta.com/en-nl/#chat-now,0
https://www.okta.com/en-se/#chat-now,0
https://www.okta.com/en-sg/#chat-now,0
https://www.okta.com/es-es/#chat-now,0
https://www.okta.com/es-mx/#chat-now,0
https://www.okta.com/fr/search,0
https://www.okta.com/free-trial/#main-content,0
https://www.okta.com/free-trial/customer-identity/,0
https://www.okta.com/fr-fr/#chat-now,0
https://www.okta.com/ja-jp/#chat-now,0
https://www.okta.com/jp/resources/content-library/?field_resource_solutions_target_id=All&type=demo,0
https://www.okta.com/jp/search,0
https://www.okta.com/ko-kr/#chat-now,0
https://www.okta.com/kr/press-room/press-releases/okta-announces-multi-year-partnership-with-the-mclaren-racing-formula-1/,0
https://www.okta.com/kr/search,0
https://www.okta.com/nl/search,0
https://www.okta.com/press-room/press-releases/okta-announces-multi-year-partnership-with-the-mclaren-racing-formula-1-team/,0
https://www.okta.com/privacy-policy/,0
https://www.okta.com/pt/search?id=countrydropdownheader-PT-BR,0
https://www.okta.com/pt-br/#chat-now,0
https://www.okta.com/se/press-room/press-releases/okta-announces-multi-year-partnership-with-the-mclaren-racing-formula-1-team/,0
https://www.okta.com/se/search,0
https://www.okta.com/search#chat-now,0
https://www.okta.com/search#main-content,0
https://www.okta.com/search?id=countrydropdownheader-EN,0
https://www.okta.com/sg/resources/whitepaper-unlock-digital-trust-in-southeast-asia/,0
https://www.okta.com/sg/search,0
https://www.okta.com/terms-of-service/,0
https://www.okta.com/uk/search,0
https://www.omadanetworks.com/ph/business-networking/all-omada-wifi/?filterby=6271,0
https://www.omadanetworks.com/ph/business-networking/consult/,0
https://www.omadanetworks.com/ph/business-networking/omada/wifi/,0
https://www.omadanetworks.com/ph/business-networking/omada-wifi-ceiling-mount/,0
https://www.omadanetworks.com/ph/choose-your-location/,0
https://www.omadanetworks.com/ph/landing/omada-pro/,0
https://www.one.com/en/hosting,0
https://www.one.com/en/online-shop,0
https://www.one.com/en/vps,0
https://www.one.com/en/websitebuilder,0
https://www.one.com/en/wordpress-hosting,0
https://www.onet.pl/audio?utm_medium=left_menu,0
https://www.onet.pl/autorzy/przegladsportowy/kamil-wolnicki,0
"https://www.onet.pl/informacje/onetwiadomosci/duze-przetasowania-w-sondazu-zaufania-nawrocki-traci-jest-nowy-lider/f211f92,79cfc278",0
https://www.onet.pl/premium/lista-wydan?utm_medium=left_menu,0
"https://www.onet.pl/sport/przeglad-sportowy/przelomowe-wiesci-dla-polski-z-rankingu-uefa-rywale-pod-sciana-atak-na-wymarzona/4l4gkny,5e4c2379",0
https://www.onetrust.com/integrations/#main-content,0
https://www.onetrust.com/platform/#main-content,0
https://www.onetrust.com/pricing/#main-content,0
https://www.onetrust.com/products/#main-content,0
https://www.onetrust.com/products/consent-management/#main-content,0
https://www.onetrust.com/products/cookie-consent/,0
https://www.onetrust.com/products/data-guidance/#main-content,0
https://www.onetrust.com/products/third-party-risk-management/#main-content,0
https://www.onetrust.com/resources/onetrust-demos/#main-content,0
https://www.onetrust.com/solutions/#main-content,0
https://www.onetrust.com/solutions/ai-governance/#main-content,0
https://www.onetrust.com/solutions/consent-and-preferences/#main-content,0
https://www.onetrust.com/solutions/data-use-governance/#main-content,0
https://www.onetrust.com/solutions/digital-operational-resilience-act-dora-compliance/#main-content,0
https://www.onetrust.com/solutions/eu-ai-act-compliance/#main-content,0
https://www.onetrust.com/solutions/gdpr-compliance/#main-content,0
https://www.onetrust.com/solutions/privacy-automation/#main-content,0
https://www.onetrust.com/solutions/tech-risk-and-compliance/#main-content,0
https://www.onetrust.com/solutions/third-party-management/#main-content,0
https://www.opendns.com/about/#main-content,0
https://www.opendns.com/about/#site-footer,0
https://www.opendns.com/home-internet-security/#main-content,0
https://www.opendns.com/home-internet-security/#site-footer,0
https://www.opendns.com/search/#main-content,0
https://www.opendns.com/search/#site-footer,0
https://www.opendns.com/support/#main-content,0
https://www.opendns.com/support/#site-footer,0
https://www.openstreetmap.org/,0
https://www.openstreetmap.org/?locale=af#,0
https://www.openstreetmap.org/?locale=ast#,0
https://www.openstreetmap.org/?locale=frp#,0
https://www.openstreetmap.org/?locale=gsw#,0
https://www.openstreetmap.org/about#,0
https://www.openstreetmap.org/communities#,0
https://www.openstreetmap.org/copyright#,0
https://www.openstreetmap.org/diary#,0
https://www.openstreetmap.org/directions#,0
https://www.openstreetmap.org/edit,0
https://www.openstreetmap.org/edit?editor=id,0
https://www.openstreetmap.org/edit?editor=remote,0
https://www.openstreetmap.org/edit?editor=remote#,0
https://www.openstreetmap.org/export#,0
https://www.openstreetmap.org/help#,0
https://www.openstreetmap.org/history#,0
https://www.openstreetmap.org/login?referer=%2F#,0
https://www.openstreetmap.org/login?referer=%2Fedit#,0
https://www.openstreetmap.org/login?referer=%2Fedit%3Feditor%3Did#,0
https://www.openstreetmap.org/traces#,0
https://www.openstreetmap.org/user/new#,0
https://www.opera.com/gx/features,0
https://www.opera.com/gx/features/gx-control,0
https://www.opera.com/legacy-thanks?ni=stable&os=android,0
https://www.opera.com/legacy-thanks?ni=stable&os=windows,0
https://www.oppo.com/cn/accessories/,0
https://www.oppo.com/cn/headphones/,0
https://www.oppo.com/cn/product-compare/,0
https://www.oppo.com/cn/smartphones/,0
https://www.oppo.com/cn/smart-tv/,0
https://www.oppo.com/cn/tablets/,0
https://www.oppo.com/cn/wearables/,0
https://www.optimizely.com/ai/#skipNav,0
https://www.optimizely.com/become-a-partner/,0
https://www.optimizely.com/connectors/connect-for-watson-campaign-automation/,0
https://www.optimizely.com/connectors/jira/,0
https://www.optimizely.com/developers/#skipNav,0
https://www.optimizely.com/insights/#skipNav,0
https://www.optimizely.com/insights/blog/,0
https://www.optimizely.com/insights/calendly/#skipNav,0
https://www.optimizely.com/insights/discovery/,0
https://www.optimizely.com/insights/mailchimp/,0
https://www.optimizely.com/insights/new-era-cap/#skipNav,0
https://www.optimizely.com/insights/royal-mint/,0
https://www.optimizely.com/insights/sky-customer-approach/,0
https://www.optimizely.com/insights/valtech/#skipNav,0
https://www.optimizely.com/legal/privacy-notice/,0
https://www.optimizely.com/opticon/register/,0
https://www.optimizely.com/partners/#skipNav,0
https://www.optimizely.com/plans/#skipNav,0
https://www.optimizely.com/plans/request-pricing/?product=Content+Marketing,0
https://www.optimizely.com/products/web-experimentation/,0
https://www.optimizely.com/salesforce/#skipNav,0
https://www.optimizely.com/solutions/content-orchestration/#skipNav,0
https://www.optimizely.com/solutions/digital-optimization/#skipNav,0
https://www.oracle.com/ai-world/,0
https://www.oracle.com/ai-world/convince-your-boss/,0
https://www.oracle.com/ai-world/faq/,0
https://www.oracle.com/ai-world/reasons-to-attend/,0
https://www.oracle.com/ai-world/register/#maincontent,0
https://www.oracle.com/application-development/,0
https://www.oracle.com/applications/#maincontent,0
https://www.oracle.com/artificial-intelligence/,0
https://www.oracle.com/business-analytics/,0
https://www.oracle.com/careers/#maincontent,0
https://www.oracle.com/cloud/compute/,0
https://www.oracle.com/cloud/cost-management-and-governance/,0
https://www.oracle.com/cloud/customers/,0
https://www.oracle.com/cloud/distributed-cloud/,0
https://www.oracle.com/cloud/economics/,0
https://www.oracle.com/cloud/free/#maincontent,0
https://www.oracle.com/cloud/gartner-mq-strategic-cloud-platform-services-leader/#maincontent,0
https://www.oracle.com/cloud/public-cloud-regions/,0
https://www.oracle.com/cloud/sign-in.html#maincontent,0
https://www.oracle.com/cloud/why-oci/,0
https://www.oracle.com/corporate/accessibility/#maincontent,0
https://www.oracle.com/corporate/cloud-compliance/,0
https://www.oracle.com/corporate/contact/#maincontent,0
https://www.oracle.com/corporate/contact/help.html#maincontent,0
https://www.oracle.com/countries-list.html#au,0
https://www.oracle.com/countries-list.html#brasil,0
https://www.oracle.com/countries-list.html#canada-english,0
https://www.oracle.com/countries-list.html#canada-france,0
https://www.oracle.com/countries-list.html#cn,0
https://www.oracle.com/countries-list.html#in,0
https://www.oracle.com/countries-list.html#jp,0
https://www.oracle.com/countries-list.html#kr,0
https://www.oracle.com/countries-list.html#mexico,0
https://www.oracle.com/countries-list.html#us,0
https://www.oracle.com/database/#maincontent,0
https://www.oracle.com/database/technologies/#maincontent,0
https://www.oracle.com/java/technologies/downloads/#maincontent,0
https://www.oracle.com/news/announcement/oracle-database-at-aws-now-generally-available-2025-07-08/#maincontent,0
https://www.oracle.com/news/announcement/oracle-recognized-as-a-leader-in-the-2025-gartner-magic-quadrant-for-strategic-cloud-platform-services-2025-08-08/#maincontent,0
https://www.oracle.com/news/announcement/oracle-to-offer-google-gemini-models-to-customers-2025-08-14/#maincontent,0
https://www.oracle.com/news/announcement/oracle-ushers-in-new-era-of-ai-driven-electronic-health-records-2025-08-13/#maincontent,0
https://www.oracle.com/placeholder.html,0
https://www.oracle.com/security/cloud-security/,0
https://www.oracle.com/sustainability/green-cloud/,0
https://www.otto.de/babys/baby-kind/,0
https://www.otto.de/damen/,0
https://www.otto.de/herren/,0
https://www.otto.de/inspiration/,0
https://www.otto.de/koerperpflege/drogerie/,0
https://www.otto.de/myaccount/dashboard,0
https://www.otto.de/sport/,0
